image,precision,recall,f1,mean_iou,true_pos,false_pos,false_neg,model
img1002,0.0,0.0,0.0,0.0,0,1,0,RGB-origin
img1006,1.0,0.7142857142857143,0.8333333333333333,0.8738393978140633,15,0,6,RGB-origin
img1007,0.9666666666666667,0.8529411764705882,0.90625,0.8259279149674953,29,1,5,RGB-origin
img1015,0.9444444444444444,0.8292682926829268,0.883116883116883,0.813303133248947,34,2,7,RGB-origin
img1016,0.9318181818181818,0.9534883720930233,0.942528735632184,0.8386365720897752,41,3,2,RGB-origin
img1025,0.6470588235294118,0.3793103448275862,0.4782608695652174,0.8748118947124808,11,6,18,RGB-origin
img1038,0.0,0.0,0.0,0.0,0,2,3,RGB-origin
img1041,0.95,0.9743589743589743,0.9620253164556962,0.8605573079375081,38,2,1,RGB-origin
img1042,0.9743589743589743,0.8444444444444444,0.9047619047619048,0.8729567963538671,38,1,7,RGB-origin
img1051,1.0,0.9047619047619048,0.9500000000000001,0.8755933562622065,19,0,2,RGB-origin
img1061,0.8051948051948052,0.775,0.7898089171974523,0.8466421601136968,62,15,18,RGB-origin
img1062,0.9354838709677419,0.8285714285714286,0.8787878787878788,0.8573131271831225,58,4,12,RGB-origin
img107,0.9047619047619048,0.95,0.9268292682926829,0.8942050405846764,19,2,1,RGB-origin
img1075,0.875,0.875,0.875,0.8442806149585946,35,5,5,RGB-origin
img1082,0.9393939393939394,0.9117647058823529,0.9253731343283583,0.8345558253005689,62,4,6,RGB-origin
img1086,0.9714285714285714,0.9444444444444444,0.9577464788732395,0.8741426707822234,34,1,2,RGB-origin
img1090,0.7619047619047619,0.7272727272727273,0.7441860465116279,0.7877874038945474,16,5,6,RGB-origin
img1097,0.9347826086956522,0.9148936170212766,0.924731182795699,0.852579783664535,43,3,4,RGB-origin
img1098,0.9591836734693877,0.9215686274509803,0.9400000000000001,0.8727402298587825,47,2,4,RGB-origin
img1103,0.5714285714285714,1.0,0.7272727272727273,0.8512984387246396,4,3,0,RGB-origin
img1104,0.9,0.9,0.9,0.813212011327731,9,1,1,RGB-origin
img1105,0.9830508474576272,0.90625,0.943089430894309,0.8469871048233166,58,1,6,RGB-origin
img1107,1.0,1.0,1.0,0.831612515571287,55,0,0,RGB-origin
img1111,0.8333333333333334,0.8333333333333334,0.8333333333333334,0.8475055712340088,15,3,3,RGB-origin
img1115,0.8571428571428571,0.631578947368421,0.7272727272727273,0.839575868281643,12,2,7,RGB-origin
img1117,0.7857142857142857,0.673469387755102,0.7252747252747253,0.8083106093316337,33,9,16,RGB-origin
img1118,0.9487179487179487,0.8043478260869565,0.8705882352941177,0.8004430767417251,37,2,9,RGB-origin
img1119,0.75,0.6923076923076923,0.7199999999999999,0.8320077872408288,36,12,16,RGB-origin
img1124,0.9423076923076923,0.9245283018867925,0.9333333333333333,0.8541659055141527,49,3,4,RGB-origin
img1126,0.9454545454545454,0.8387096774193549,0.8888888888888888,0.8590437804239488,52,3,10,RGB-origin
img1127,0.9,0.8307692307692308,0.8640000000000001,0.8250094625820593,54,6,11,RGB-origin
img1129,0.8571428571428571,0.72,0.782608695652174,0.8659119600096954,18,3,7,RGB-origin
img113,1.0,0.9615384615384616,0.9803921568627451,0.8671871784697548,50,0,2,RGB-origin
img1131,0.0,0.0,0.0,0.0,0,0,1,RGB-origin
img1134,0.9074074074074074,0.8448275862068966,0.875,0.8496768234963815,49,5,9,RGB-origin
img1149,0.8378378378378378,0.8611111111111112,0.8493150684931507,0.8443080963792837,31,6,5,RGB-origin
img1176,0.7692307692307693,0.9090909090909091,0.8333333333333333,0.8575635216399806,10,3,1,RGB-origin
img1179,0.625,0.6818181818181818,0.6521739130434783,0.8439929928744117,15,9,7,RGB-origin
img118,0.92,0.8846153846153846,0.9019607843137256,0.8300935334325921,23,2,3,RGB-origin
img1210,0.9285714285714286,0.9285714285714286,0.9285714285714286,0.8627203378615729,39,3,3,RGB-origin
img1211,0.9705882352941176,0.8048780487804879,0.8800000000000001,0.8823285297491256,33,1,8,RGB-origin
img1215,0.8928571428571429,0.8333333333333334,0.8620689655172413,0.7525853351922354,25,3,5,RGB-origin
img1223,0.9230769230769231,0.8695652173913043,0.8955223880597014,0.8506654942947982,60,5,9,RGB-origin
img1225,0.9433962264150944,0.9433962264150944,0.9433962264150944,0.8326260391494492,50,3,3,RGB-origin
img1227,0.88,0.8461538461538461,0.8627450980392156,0.8241567558993215,22,3,4,RGB-origin
img1240,0.9,0.75,0.8181818181818182,0.83553538431052,9,1,3,RGB-origin
img1250,0.6851851851851852,0.6727272727272727,0.6788990825688074,0.850707714066633,37,17,18,RGB-origin
img1255,0.8780487804878049,0.7659574468085106,0.8181818181818182,0.8820663781515196,36,5,11,RGB-origin
img1258,0.9166666666666666,0.8461538461538461,0.8799999999999999,0.8752213253595248,22,2,4,RGB-origin
img1259,0.0,0.0,0.0,0.0,0,0,2,RGB-origin
img1283,0.96875,0.9253731343283582,0.9465648854961832,0.8509335564364057,62,2,5,RGB-origin
img1284,0.9512195121951219,0.9069767441860465,0.9285714285714286,0.839883104513558,39,2,4,RGB-origin
img13,0.8148148148148148,0.7096774193548387,0.7586206896551724,0.8054192114019656,22,5,9,RGB-origin
img1300,0.9,0.8709677419354839,0.8852459016393444,0.827780639922035,27,3,4,RGB-origin
img1301,0.8837209302325582,0.7450980392156863,0.8085106382978724,0.7842180746917617,38,5,13,RGB-origin
img1305,0.8181818181818182,0.75,0.7826086956521738,0.8076841970522035,9,2,3,RGB-origin
img1316,0.9795918367346939,0.8421052631578947,0.9056603773584905,0.8199893727406867,48,1,9,RGB-origin
img1324,0.9333333333333333,0.8235294117647058,0.8749999999999999,0.8493550212396944,28,2,6,RGB-origin
img1336,1.0,0.9230769230769231,0.9600000000000001,0.8657148417133603,24,0,2,RGB-origin
img135,0.9545454545454546,0.9545454545454546,0.9545454545454546,0.8453306566848908,21,1,1,RGB-origin
img1350,1.0,0.9387755102040817,0.968421052631579,0.8723063031310497,46,0,3,RGB-origin
img1354,0.6666666666666666,0.5714285714285714,0.6153846153846153,0.8617872563750031,4,2,3,RGB-origin
img1358,0.984375,0.9402985074626866,0.9618320610687023,0.8496755462749894,63,1,4,RGB-origin
img1366,0.6666666666666666,0.7368421052631579,0.7,0.8632923052014839,14,7,5,RGB-origin
img1367,1.0,0.7692307692307693,0.8695652173913044,0.8483086929194845,10,0,3,RGB-origin
img137,0.0,0.0,0.0,0.0,0,0,0,RGB-origin
img1370,0.9333333333333333,0.8235294117647058,0.8749999999999999,0.8240228662031782,14,1,3,RGB-origin
img1372,0.9142857142857143,0.8205128205128205,0.8648648648648648,0.8279682775317612,32,3,7,RGB-origin
img1377,0.9846153846153847,0.9846153846153847,0.9846153846153847,0.8792352079390398,64,1,1,RGB-origin
img1378,0.94,0.94,0.94,0.8888150731307383,47,3,3,RGB-origin
img1382,0.8717948717948718,0.8717948717948718,0.8717948717948718,0.8835062500573223,34,5,5,RGB-origin
img1383,0.9230769230769231,0.8,0.8571428571428571,0.8387361484684965,36,3,9,RGB-origin
img1386,1.0,1.0,1.0,0.6302359313869156,2,0,0,RGB-origin
img1388,0.9298245614035088,0.8548387096774194,0.8907563025210085,0.8412994200672017,53,4,9,RGB-origin
img1391,0.9333333333333333,0.8936170212765957,0.9130434782608695,0.8577012841251045,42,3,5,RGB-origin
img1392,0.9285714285714286,0.8666666666666667,0.896551724137931,0.814342716776658,52,4,8,RGB-origin
img14,0.8936170212765957,0.8571428571428571,0.875,0.837055337744636,42,5,7,RGB-origin
img1406,0.8636363636363636,0.8636363636363636,0.8636363636363636,0.8138028322526395,19,3,3,RGB-origin
img1419,0.9833333333333333,0.9516129032258065,0.9672131147540983,0.8799980580032534,59,1,3,RGB-origin
img1442,0.9583333333333334,0.8518518518518519,0.9019607843137256,0.8579979258677671,23,1,4,RGB-origin
img1459,0.9803921568627451,0.9259259259259259,0.9523809523809523,0.8486591089661115,50,1,4,RGB-origin
img146,0.9230769230769231,0.8571428571428571,0.888888888888889,0.873907532035947,12,1,2,RGB-origin
img1460,0.9508196721311475,0.8787878787878788,0.9133858267716536,0.8451619449611911,58,3,8,RGB-origin
img1464,0.896551724137931,0.8387096774193549,0.8666666666666666,0.8213372159873973,26,3,5,RGB-origin
img1467,0.9090909090909091,0.9090909090909091,0.9090909090909091,0.8235692461385987,30,3,3,RGB-origin
img148,0.8333333333333334,0.625,0.7142857142857143,0.8464926321069063,15,3,9,RGB-origin
img1484,0.9444444444444444,0.8947368421052632,0.918918918918919,0.8751825793070392,34,2,4,RGB-origin
img1485,0.9666666666666667,0.90625,0.9354838709677419,0.8359076130835388,29,1,3,RGB-origin
img1510,1.0,1.0,1.0,0.7033724441750748,1,0,0,RGB-origin
img1511,0.9795918367346939,0.9056603773584906,0.9411764705882353,0.791278011155066,48,1,5,RGB-origin
img1513,0.8055555555555556,0.7073170731707317,0.7532467532467532,0.8427973551752004,29,7,12,RGB-origin
img1516,1.0,0.9607843137254902,0.98,0.8197565466859147,49,0,2,RGB-origin
img1519,0.8333333333333334,0.7142857142857143,0.7692307692307692,0.8180552836927615,15,3,6,RGB-origin
img1524,1.0,0.9655172413793104,0.9824561403508771,0.8077205134357256,28,0,1,RGB-origin
img1529,1.0,0.9487179487179487,0.9736842105263158,0.8408397971283277,37,0,2,RGB-origin
img153,0.9682539682539683,0.9242424242424242,0.9457364341085271,0.8694235640506921,61,2,5,RGB-origin
img1535,0.9354838709677419,0.8787878787878788,0.90625,0.878639224079636,29,2,4,RGB-origin
img1536,0.8571428571428571,0.782608695652174,0.8181818181818182,0.8700724802508515,18,3,5,RGB-origin
img1539,0.9743589743589743,0.8837209302325582,0.9268292682926831,0.8602763113221032,38,1,5,RGB-origin
img1545,0.9487179487179487,0.8809523809523809,0.9135802469135802,0.8793502411687146,37,2,5,RGB-origin
img1548,0.6296296296296297,0.6538461538461539,0.6415094339622641,0.7928097017469362,17,10,9,RGB-origin
img1553,0.6521739130434783,0.7142857142857143,0.6818181818181819,0.833067308263968,15,8,6,RGB-origin
img1561,0.875,0.6176470588235294,0.7241379310344829,0.8637999322269682,21,3,13,RGB-origin
img1563,0.9180327868852459,0.8235294117647058,0.868217054263566,0.8502481809428781,56,5,12,RGB-origin
img1568,0.95,0.7916666666666666,0.8636363636363635,0.8568447029930082,38,2,10,RGB-origin
img1569,0.9,0.8372093023255814,0.8674698795180723,0.8701436798080487,36,4,7,RGB-origin
img1576,0.9142857142857143,0.7111111111111111,0.8,0.8173012237597715,32,3,13,RGB-origin
img1583,0.8936170212765957,0.84,0.8659793814432989,0.8242334882404959,42,5,8,RGB-origin
img1584,0.9705882352941176,0.9166666666666666,0.9428571428571428,0.8208038062621464,33,1,3,RGB-origin
img1585,0.92,0.92,0.92,0.8331041576871732,23,2,2,RGB-origin
img1592,0.9761904761904762,0.9111111111111111,0.9425287356321839,0.8227374649455449,41,1,4,RGB-origin
img1593,0.9782608695652174,0.9375,0.9574468085106383,0.8676215320541841,45,1,3,RGB-origin
img1602,1.0,0.8518518518518519,0.92,0.8557880730693007,23,0,4,RGB-origin
img1606,0.9565217391304348,0.7857142857142857,0.8627450980392156,0.8375065516436396,22,1,6,RGB-origin
img1610,0.8,0.8,0.8000000000000002,0.8324952092156791,16,4,4,RGB-origin
img162,0.9545454545454546,0.875,0.9130434782608695,0.8951820191778779,21,1,3,RGB-origin
img1624,0.8787878787878788,0.6590909090909091,0.7532467532467532,0.84657993979841,29,4,15,RGB-origin
img1625,0.9591836734693877,0.8545454545454545,0.9038461538461537,0.8292773409253033,47,2,8,RGB-origin
img1626,0.918918918918919,0.8947368421052632,0.9066666666666667,0.8769122425759114,34,3,4,RGB-origin
img1627,0.8125,0.8387096774193549,0.8253968253968254,0.8265738666784089,26,6,5,RGB-origin
img1632,0.875,0.875,0.875,0.81655021477904,42,6,6,RGB-origin
img1655,0.8918918918918919,0.868421052631579,0.88,0.8690298037703638,33,4,5,RGB-origin
img1659,0.8780487804878049,0.8780487804878049,0.8780487804878049,0.8469379198659309,36,5,5,RGB-origin
img1672,0.9166666666666666,0.88,0.8979591836734694,0.7769217884132505,22,2,3,RGB-origin
img1675,0.7777777777777778,1.0,0.8750000000000001,0.8702821659516861,7,2,0,RGB-origin
img1688,0.84,0.7777777777777778,0.8076923076923077,0.8350378245705886,21,4,6,RGB-origin
img1691,0.8333333333333334,0.8823529411764706,0.8571428571428571,0.8562752962943683,30,6,4,RGB-origin
img1692,0.875,0.8,0.8358208955223881,0.8260706612042225,28,4,7,RGB-origin
img1694,0.673469387755102,0.8461538461538461,0.75,0.8176101118311059,33,16,6,RGB-origin
img1699,0.8372093023255814,0.6792452830188679,0.7499999999999999,0.8300406206853651,36,7,17,RGB-origin
img1704,0.8076923076923077,0.875,0.8400000000000001,0.8355875013788069,21,5,3,RGB-origin
img1706,1.0,0.631578947368421,0.7741935483870968,0.8216630673877275,12,0,7,RGB-origin
img1710,1.0,0.6111111111111112,0.7586206896551725,0.8192291540962937,11,0,7,RGB-origin
img1728,0.0,0.0,0.0,0.0,0,3,0,RGB-origin
img173,0.9615384615384616,0.8620689655172413,0.9090909090909091,0.8360342072079666,25,1,4,RGB-origin
img1735,1.0,0.9444444444444444,0.9714285714285714,0.8437941270078181,17,0,1,RGB-origin
img1742,0.7241379310344828,0.75,0.736842105263158,0.7598179978275126,21,8,7,RGB-origin
img1743,0.9444444444444444,0.8095238095238095,0.8717948717948718,0.8236710961283302,17,1,4,RGB-origin
img1746,0.8333333333333334,0.8333333333333334,0.8333333333333334,0.8751312470887604,15,3,3,RGB-origin
img1747,0.896551724137931,0.8666666666666667,0.8813559322033899,0.8482335354419661,26,3,4,RGB-origin
img1749,0.9333333333333333,0.875,0.9032258064516129,0.8491116587586015,42,3,6,RGB-origin
img175,0.9111111111111111,0.8913043478260869,0.9010989010989011,0.8389009073107464,41,4,5,RGB-origin
img1755,0.9574468085106383,0.8823529411764706,0.9183673469387754,0.8348773240215173,45,2,6,RGB-origin
img1787,1.0,0.6875,0.8148148148148148,0.8728449727067523,11,0,5,RGB-origin
img1791,1.0,0.8333333333333334,0.9090909090909091,0.8337096874204326,5,0,1,RGB-origin
img1811,0.8541666666666666,0.8913043478260869,0.8723404255319149,0.8446659523699698,41,7,5,RGB-origin
img1812,0.8888888888888888,0.8333333333333334,0.8602150537634408,0.845602841158783,40,5,8,RGB-origin
img1816,0.8085106382978723,0.8444444444444444,0.8260869565217391,0.8501833671605271,38,9,7,RGB-origin
img1834,1.0,0.8461538461538461,0.9166666666666666,0.9085100061027392,11,0,2,RGB-origin
img1845,0.75,0.6,0.6666666666666665,0.7562813922077871,9,3,6,RGB-origin
img1847,0.9166666666666666,0.6875,0.7857142857142857,0.890896931064598,11,1,5,RGB-origin
img185,0.75,0.72,0.7346938775510204,0.854852172773913,18,6,7,RGB-origin
img1851,0.0,0.0,0.0,0.0,0,0,1,RGB-origin
img1854,0.8333333333333334,0.7142857142857143,0.7692307692307692,0.894240423596456,15,3,6,RGB-origin
img1858,0.7368421052631579,0.6363636363636364,0.6829268292682926,0.8447930519747294,14,5,8,RGB-origin
img1864,0.8636363636363636,0.8260869565217391,0.8444444444444444,0.7960249578058217,19,3,4,RGB-origin
img1870,0.7777777777777778,0.75,0.7636363636363638,0.825629816749555,21,6,7,RGB-origin
img1873,0.9318181818181818,0.7454545454545455,0.8282828282828283,0.8489636546257147,41,3,14,RGB-origin
img1875,0.9642857142857143,0.9,0.9310344827586207,0.8597288894269691,27,1,3,RGB-origin
img1885,0.9411764705882353,0.7272727272727273,0.8205128205128205,0.8609759344941809,16,1,6,RGB-origin
img1887,0.9482758620689655,0.9016393442622951,0.9243697478991596,0.8498498795279885,55,3,6,RGB-origin
img189,0.8888888888888888,0.9411764705882353,0.9142857142857143,0.8292438065900455,16,2,1,RGB-origin
img1896,0.9047619047619048,0.8260869565217391,0.8636363636363636,0.8653066538983571,19,2,4,RGB-origin
img1901,0.5,0.3333333333333333,0.4,0.7156738539612182,1,1,2,RGB-origin
img1906,0.8888888888888888,0.9411764705882353,0.9142857142857143,0.8404190674275527,16,2,1,RGB-origin
img1912,0.5,0.3333333333333333,0.4,0.8677320502780947,1,1,2,RGB-origin
img1921,0.8571428571428571,0.8571428571428571,0.8571428571428571,0.807495622558073,12,2,2,RGB-origin
img1924,0.42857142857142855,1.0,0.6,0.8610391606529683,3,4,0,RGB-origin
img195,0.7241379310344828,0.75,0.736842105263158,0.817437841328137,21,8,7,RGB-origin
img1951,0.9696969696969697,0.9411764705882353,0.955223880597015,0.8447320455835482,64,2,4,RGB-origin
img1953,1.0,1.0,1.0,0.893129964418702,3,0,0,RGB-origin
img1960,0.7857142857142857,0.55,0.6470588235294117,0.8399901527654244,11,3,9,RGB-origin
img1973,0.0,0.0,0.0,0.0,0,0,4,RGB-origin
img198,0.9166666666666666,0.8979591836734694,0.9072164948453607,0.8509841371947829,44,4,5,RGB-origin
img1984,0.8235294117647058,0.5833333333333334,0.6829268292682927,0.8035307305249363,14,3,10,RGB-origin
img1993,0.64,0.64,0.64,0.8088731521076045,16,9,9,RGB-origin
img2023,1.0,1.0,1.0,0.8516993441268387,6,0,0,RGB-origin
img2034,0.96,0.9230769230769231,0.9411764705882353,0.8204238263608952,48,2,4,RGB-origin
img2036,0.8846153846153846,0.71875,0.7931034482758621,0.8660012150171141,23,3,9,RGB-origin
img204,0.9130434782608695,0.875,0.8936170212765957,0.8862728694204662,21,2,3,RGB-origin
img2040,0.9591836734693877,0.9591836734693877,0.9591836734693877,0.8039197054002163,47,2,2,RGB-origin
img2046,0.6785714285714286,0.59375,0.6333333333333334,0.8162630459825587,19,9,13,RGB-origin
img2047,0.8095238095238095,0.7391304347826086,0.7727272727272727,0.7832657335460557,17,4,6,RGB-origin
img2057,0.9142857142857143,0.8888888888888888,0.9014084507042254,0.8374265055215596,32,3,4,RGB-origin
img2061,0.875,0.7636363636363637,0.8155339805825242,0.8594476622728122,42,6,13,RGB-origin
img2068,1.0,1.0,1.0,0.9049587152542713,8,0,0,RGB-origin
img207,0.9583333333333334,0.9019607843137255,0.9292929292929293,0.8458442954706912,46,2,5,RGB-origin
img2090,0.6,0.3,0.4,0.8225603344051217,3,2,7,RGB-origin
img2095,0.8297872340425532,0.8125,0.8210526315789474,0.8393562336794897,39,8,9,RGB-origin
img210,0.9482758620689655,0.9166666666666666,0.9322033898305084,0.8273948800679573,55,3,5,RGB-origin
img2108,0.6363636363636364,0.6363636363636364,0.6363636363636364,0.8155797128335882,14,8,8,RGB-origin
img2109,0.8,0.6666666666666666,0.7272727272727272,0.7989763868962039,16,4,8,RGB-origin
img2112,0.6923076923076923,0.75,0.7199999999999999,0.8304059178163108,9,4,3,RGB-origin
img213,0.8846153846153846,0.8518518518518519,0.8679245283018868,0.8289293965949538,23,3,4,RGB-origin
img2148,0.7142857142857143,1.0,0.8333333333333333,0.8478824085372381,5,2,0,RGB-origin
img2152,0.0,0.0,0.0,0.0,0,0,1,RGB-origin
img2153,0.6666666666666666,0.8,0.7272727272727272,0.8006442140522763,4,2,1,RGB-origin
img2169,0.0,0.0,0.0,0.0,0,2,3,RGB-origin
img217,0.9473684210526315,0.9,0.9230769230769231,0.8677485438069953,18,1,2,RGB-origin
img2177,0.8076923076923077,0.875,0.8400000000000001,0.8714479573165732,21,5,3,RGB-origin
img2189,0.9230769230769231,1.0,0.9600000000000001,0.7790740882443359,12,1,0,RGB-origin
img2191,0.72,0.8181818181818182,0.7659574468085107,0.8631844803602247,18,7,4,RGB-origin
img22,0.3333333333333333,0.2,0.25,0.6672935976886096,2,4,8,RGB-origin
img2204,0.918918918918919,0.7727272727272727,0.8395061728395061,0.8505597474519732,34,3,10,RGB-origin
img2207,0.9545454545454546,0.875,0.9130434782608695,0.8722682842833765,21,1,3,RGB-origin
img2216,0.7142857142857143,0.7575757575757576,0.7352941176470589,0.8244284052512036,25,10,8,RGB-origin
img224,0.9487179487179487,0.9487179487179487,0.9487179487179487,0.8593292292345435,37,2,2,RGB-origin
img2243,0.4,0.5,0.4444444444444445,0.8291403310122593,2,3,2,RGB-origin
img2245,0.0,0.0,0.0,0.0,0,1,0,RGB-origin
img2246,0.75,0.8571428571428571,0.7999999999999999,0.8218286107800109,6,2,1,RGB-origin
img2260,0.6923076923076923,0.8181818181818182,0.7500000000000001,0.7973250366138065,9,4,2,RGB-origin
img227,0.8837209302325582,0.9047619047619048,0.8941176470588236,0.8641650401102706,38,5,4,RGB-origin
img2281,0.5,0.5,0.5,0.8144031547745089,7,7,7,RGB-origin
img2292,0.8913043478260869,0.9111111111111111,0.9010989010989011,0.8427622191237342,41,5,4,RGB-origin
img2298,1.0,1.0,1.0,0.8299024674642492,7,0,0,RGB-origin
img2299,0.75,0.8571428571428571,0.7999999999999999,0.8399051718698182,12,4,2,RGB-origin
img2301,0.9166666666666666,0.88,0.8979591836734694,0.8315808702068501,44,4,6,RGB-origin
img2324,0.7241379310344828,0.6176470588235294,0.6666666666666667,0.8393885457128349,21,8,13,RGB-origin
img2330,0.8,0.8,0.8000000000000002,0.8827613711914896,4,1,1,RGB-origin
img2346,0.7419354838709677,0.71875,0.7301587301587302,0.8594248489945223,23,8,9,RGB-origin
img2356,1.0,0.9393939393939394,0.96875,0.8470581246810737,31,0,2,RGB-origin
img2363,0.8636363636363636,0.8260869565217391,0.8444444444444444,0.8600803174309185,19,3,4,RGB-origin
img2364,0.9,0.7941176470588235,0.84375,0.8496983382902832,27,3,7,RGB-origin
img2376,0.9393939393939394,0.8378378378378378,0.8857142857142858,0.7935314389915107,31,2,6,RGB-origin
img2386,0.926829268292683,0.8444444444444444,0.8837209302325582,0.8412125805539528,38,3,7,RGB-origin
img2407,0.9,0.782608695652174,0.8372093023255814,0.8572756632872659,18,2,5,RGB-origin
img2411,0.7058823529411765,0.8571428571428571,0.7741935483870968,0.8503021502465634,24,10,4,RGB-origin
img2419,0.7592592592592593,0.6507936507936508,0.7008547008547008,0.8304617708253736,41,13,22,RGB-origin
img2422,0.95,1.0,0.9743589743589743,0.8637793337756747,38,2,0,RGB-origin
img243,0.7,0.7777777777777778,0.7368421052631577,0.800250858018398,7,3,2,RGB-origin
img2435,0.9454545454545454,0.8813559322033898,0.9122807017543859,0.8389272383667763,52,3,7,RGB-origin
img2438,0.9666666666666667,0.7837837837837838,0.8656716417910447,0.8755629525377556,29,1,8,RGB-origin
img244,0.8421052631578947,0.9411764705882353,0.8888888888888888,0.8066117136393245,16,3,1,RGB-origin
img2443,0.9310344827586207,0.9152542372881356,0.923076923076923,0.8201151221783397,54,4,5,RGB-origin
img2444,0.9047619047619048,0.8507462686567164,0.8769230769230769,0.8427232392886079,57,6,10,RGB-origin
img2459,1.0,0.8809523809523809,0.9367088607594937,0.8367549189881476,37,0,5,RGB-origin
img2460,0.9074074074074074,0.7424242424242424,0.8166666666666667,0.8113989034631812,49,5,17,RGB-origin
img2465,0.864406779661017,0.8793103448275862,0.8717948717948718,0.8262628198267837,51,8,7,RGB-origin
img2468,0.18181818181818182,1.0,0.3076923076923077,0.7535523292563584,2,9,0,RGB-origin
img2473,0.8823529411764706,0.8571428571428571,0.8695652173913043,0.8806316853360329,30,4,5,RGB-origin
img2475,0.9473684210526315,0.8181818181818182,0.8780487804878049,0.8568619730499125,18,1,4,RGB-origin
img2479,0.9523809523809523,0.8333333333333334,0.888888888888889,0.8468743464826826,20,1,4,RGB-origin
img2491,0.8,0.5,0.6153846153846154,0.7221864455056638,4,1,4,RGB-origin
img2493,0.5,1.0,0.6666666666666666,0.9222565610401601,1,1,0,RGB-origin
img2497,0.8076923076923077,0.7,0.75,0.7958153331310543,42,10,18,RGB-origin
img2501,0.9428571428571428,0.9166666666666666,0.9295774647887323,0.8724611825249213,33,2,3,RGB-origin
img2502,0.8648648648648649,0.9142857142857143,0.888888888888889,0.8339881314837083,32,5,3,RGB-origin
img2511,0.9830508474576272,0.9354838709677419,0.9586776859504132,0.8414485342342009,58,1,4,RGB-origin
img2514,0.6730769230769231,0.5303030303030303,0.5932203389830509,0.7770712956950152,35,17,31,RGB-origin
img2519,0.8928571428571429,0.8333333333333334,0.8620689655172413,0.8775140079930646,25,3,5,RGB-origin
img2520,1.0,0.9607843137254902,0.98,0.8825094543868113,49,0,2,RGB-origin
img2522,0.851063829787234,0.8333333333333334,0.8421052631578947,0.8309301305965198,40,7,8,RGB-origin
img2524,0.8,0.7111111111111111,0.7529411764705882,0.7760627946494848,32,8,13,RGB-origin
img2529,0.8461538461538461,0.7857142857142857,0.8148148148148148,0.814597445715209,33,6,9,RGB-origin
img253,0.9846153846153847,0.8767123287671232,0.927536231884058,0.840868674147292,64,1,9,RGB-origin
img2531,0.9545454545454546,0.7,0.8076923076923077,0.8399931421978603,21,1,9,RGB-origin
img2536,0.7755102040816326,0.6785714285714286,0.7238095238095238,0.8112180057458589,38,11,18,RGB-origin
img2545,0.8461538461538461,0.8461538461538461,0.8461538461538461,0.7905054056097645,11,2,2,RGB-origin
img2559,0.4,0.25,0.3076923076923077,0.8227074279762365,2,3,6,RGB-origin
img2565,0.9047619047619048,0.7916666666666666,0.8444444444444444,0.776862743196289,19,2,5,RGB-origin
img2568,0.74,0.9736842105263158,0.8409090909090909,0.8262287038351956,37,13,1,RGB-origin
img257,0.6666666666666666,0.36363636363636365,0.4705882352941177,0.8187247314754141,4,2,7,RGB-origin
img2572,0.7142857142857143,1.0,0.8333333333333333,0.8723693121257616,5,2,0,RGB-origin
img2586,0.9487179487179487,0.7254901960784313,0.8222222222222223,0.8295713091037352,37,2,14,RGB-origin
img2598,0.7575757575757576,0.7142857142857143,0.7352941176470589,0.8725111169608571,25,8,10,RGB-origin
img260,0.8421052631578947,0.8421052631578947,0.8421052631578947,0.7962804963862016,16,3,3,RGB-origin
img261,0.95,1.0,0.9743589743589743,0.8018634111542438,19,1,0,RGB-origin
img2612,0.6666666666666666,0.6666666666666666,0.6666666666666666,0.7662237346812604,4,2,2,RGB-origin
img2616,0.984375,0.9130434782608695,0.9473684210526315,0.8688750884754679,63,1,6,RGB-origin
img2622,0.8863636363636364,0.7090909090909091,0.7878787878787878,0.846793628101424,39,5,16,RGB-origin
img2623,0.8888888888888888,0.6153846153846154,0.7272727272727274,0.8400250838232197,8,1,5,RGB-origin
img263,0.9555555555555556,0.9772727272727273,0.9662921348314608,0.8350618558819368,43,2,1,RGB-origin
img2632,0.7291666666666666,0.7142857142857143,0.7216494845360826,0.815286916936783,35,13,14,RGB-origin
img2640,0.8181818181818182,0.6923076923076923,0.7500000000000001,0.8208817107006995,18,4,8,RGB-origin
img2647,0.8372093023255814,1.0,0.9113924050632911,0.8446638762948541,36,7,0,RGB-origin
img2655,0.8,0.6829268292682927,0.736842105263158,0.8497116791316628,28,7,13,RGB-origin
img2656,0.9242424242424242,0.8133333333333334,0.8652482269503545,0.8689605561115352,61,5,14,RGB-origin
img2668,0.9444444444444444,0.7846153846153846,0.857142857142857,0.8270693423558331,51,3,14,RGB-origin
img2672,0.8596491228070176,0.7903225806451613,0.823529411764706,0.801384438786403,49,8,13,RGB-origin
img2678,0.8148148148148148,0.8148148148148148,0.8148148148148148,0.8590268252422266,22,5,5,RGB-origin
img2680,0.9428571428571428,0.9041095890410958,0.923076923076923,0.8273670074922476,66,4,7,RGB-origin
img2694,0.9696969696969697,0.7111111111111111,0.8205128205128205,0.8256635373791216,32,1,13,RGB-origin
img2695,0.7916666666666666,0.7307692307692307,0.76,0.814872817801053,38,10,14,RGB-origin
img2697,0.8421052631578947,0.6808510638297872,0.7529411764705882,0.8644446172737352,32,6,15,RGB-origin
img2699,0.8125,0.7222222222222222,0.7647058823529411,0.7938972828301135,39,9,15,RGB-origin
img2714,0.7894736842105263,0.7894736842105263,0.7894736842105263,0.8569551731710033,30,8,8,RGB-origin
img2720,0.7419354838709677,0.7419354838709677,0.7419354838709677,0.8088552746715495,23,8,8,RGB-origin
img2734,0.8888888888888888,0.6153846153846154,0.7272727272727274,0.8509355476666745,24,3,15,RGB-origin
img2735,0.828125,0.6973684210526315,0.7571428571428572,0.8217628796671288,53,11,23,RGB-origin
img2739,0.7428571428571429,0.7878787878787878,0.7647058823529412,0.8613910642560137,26,9,7,RGB-origin
img2740,0.9166666666666666,0.8148148148148148,0.8627450980392156,0.8522474846476407,22,2,5,RGB-origin
img2767,0.7368421052631579,0.717948717948718,0.7272727272727273,0.7901761868328354,28,10,11,RGB-origin
img2774,0.8611111111111112,0.7560975609756098,0.8051948051948052,0.7718179437159232,31,5,10,RGB-origin
img2781,0.9111111111111111,0.8723404255319149,0.891304347826087,0.87368859243019,41,4,6,RGB-origin
img2785,0.9090909090909091,0.851063829787234,0.8791208791208791,0.8535595010218214,40,4,7,RGB-origin
img2788,0.9,0.6428571428571429,0.75,0.8357871523288344,9,1,5,RGB-origin
img2794,0.8461538461538461,0.7096774193548387,0.7719298245614036,0.8416958408174788,22,4,9,RGB-origin
img2806,0.8095238095238095,0.8947368421052632,0.8500000000000001,0.8327676582193768,34,8,4,RGB-origin
img2808,0.8666666666666667,0.8666666666666667,0.8666666666666667,0.8427292178475909,13,2,2,RGB-origin
img2811,1.0,0.6666666666666666,0.8,0.9024934143720191,2,0,1,RGB-origin
img2814,0.8292682926829268,0.68,0.7472527472527474,0.819447467345117,68,14,32,RGB-origin
img2819,0.9777777777777777,0.8979591836734694,0.9361702127659575,0.8752580504716334,44,1,5,RGB-origin
img282,0.9354838709677419,0.90625,0.9206349206349206,0.8227723916232816,29,2,3,RGB-origin
img2824,0.7931034482758621,0.7666666666666667,0.7796610169491527,0.8132222878007479,23,6,7,RGB-origin
img2825,0.9482758620689655,0.8088235294117647,0.873015873015873,0.801906717554299,55,3,13,RGB-origin
img2826,0.9361702127659575,0.8301886792452831,0.88,0.7835881367206826,44,3,9,RGB-origin
img2836,0.9090909090909091,0.8928571428571429,0.9009009009009009,0.807851158222683,50,5,6,RGB-origin
img2839,0.8245614035087719,0.746031746031746,0.7833333333333334,0.8054124493353815,47,10,16,RGB-origin
img2843,0.7857142857142857,0.7096774193548387,0.7457627118644068,0.7709550258492258,22,6,9,RGB-origin
img2847,0.9583333333333334,0.7666666666666667,0.8518518518518519,0.8084443787617029,23,1,7,RGB-origin
img2852,0.8,0.5581395348837209,0.6575342465753425,0.8637085544024279,24,6,19,RGB-origin
img2854,0.8125,0.6842105263157895,0.742857142857143,0.8023561067558995,26,6,12,RGB-origin
img2856,0.8181818181818182,0.6923076923076923,0.7500000000000001,0.8336256471275683,18,4,8,RGB-origin
img2859,0.6,0.75,0.6666666666666665,0.8715477669636679,3,2,1,RGB-origin
img2865,0.9111111111111111,0.7735849056603774,0.8367346938775511,0.8668498632239715,41,4,12,RGB-origin
img2867,0.6285714285714286,0.5116279069767442,0.5641025641025641,0.8036145852089736,22,13,21,RGB-origin
img2868,0.82,0.803921568627451,0.8118811881188118,0.8416716295172536,41,9,10,RGB-origin
img287,0.8666666666666667,0.7647058823529411,0.8125,0.8492332098212285,13,2,4,RGB-origin
img2875,0.84,0.6774193548387096,0.75,0.8472874570862262,21,4,10,RGB-origin
img2878,1.0,0.8181818181818182,0.9,0.8096335222408793,18,0,4,RGB-origin
img288,0.9259259259259259,0.6944444444444444,0.7936507936507936,0.8016600425156984,25,2,11,RGB-origin
img2888,0.0,0.0,0.0,0.0,0,0,0,RGB-origin
img2891,1.0,0.8571428571428571,0.923076923076923,0.8323034743034716,12,0,2,RGB-origin
img2906,0.85,0.796875,0.8225806451612903,0.8026982473122086,51,9,13,RGB-origin
img2909,0.975,0.7358490566037735,0.8387096774193549,0.8189840216671228,39,1,14,RGB-origin
img291,0.975609756097561,0.8333333333333334,0.8988764044943819,0.8174283839139587,40,1,8,RGB-origin
img2916,0.7321428571428571,0.6307692307692307,0.6776859504132231,0.8168629489136823,41,15,24,RGB-origin
img2921,0.875,0.717948717948718,0.7887323943661971,0.7896289430733298,28,4,11,RGB-origin
img2925,0.7142857142857143,0.6,0.6521739130434783,0.7759991761989306,15,6,10,RGB-origin
img2926,0.8095238095238095,0.68,0.7391304347826089,0.8637204724074311,17,4,8,RGB-origin
img2938,0.9545454545454546,0.9264705882352942,0.9402985074626866,0.820218581402041,63,3,5,RGB-origin
img2939,0.9473684210526315,0.9310344827586207,0.9391304347826087,0.8873952504931801,54,3,4,RGB-origin
img2940,0.9166666666666666,0.8301886792452831,0.8712871287128713,0.8777319178164256,44,4,9,RGB-origin
img2942,1.0,0.2,0.33333333333333337,0.63937485769321,1,0,4,RGB-origin
img2944,0.75,0.6428571428571429,0.6923076923076924,0.8351070924985576,9,3,5,RGB-origin
img2947,1.0,0.9459459459459459,0.9722222222222222,0.8760420990196449,35,0,2,RGB-origin
img2957,0.8181818181818182,0.6923076923076923,0.7500000000000001,0.803833137608108,18,4,8,RGB-origin
img2968,0.625,0.6666666666666666,0.6451612903225806,0.7902119483179432,10,6,5,RGB-origin
img297,0.0,0.0,0.0,0.0,0,0,0,RGB-origin
img2978,0.8636363636363636,0.6785714285714286,0.76,0.8372802706917059,19,3,9,RGB-origin
img2980,0.9245283018867925,0.765625,0.8376068376068376,0.8071946639045281,49,4,15,RGB-origin
img2997,0.9090909090909091,0.7142857142857143,0.8,0.8301438437543341,20,2,8,RGB-origin
img2998,0.875,0.7777777777777778,0.823529411764706,0.7966459886785371,21,3,6,RGB-origin
img3000,0.75,0.8333333333333334,0.7894736842105262,0.8380096863405897,15,5,3,RGB-origin
img3006,0.6956521739130435,0.5,0.5818181818181818,0.809492487061918,16,7,16,RGB-origin
img3010,0.8378378378378378,0.6888888888888889,0.7560975609756098,0.8058862747006424,31,6,14,RGB-origin
img3017,0.9148936170212766,0.86,0.8865979381443299,0.8328375092066485,43,4,7,RGB-origin
img3034,0.7307692307692307,0.7037037037037037,0.7169811320754716,0.8223028630861083,19,7,8,RGB-origin
img3035,0.6666666666666666,0.6666666666666666,0.6666666666666666,0.817722311072923,20,10,10,RGB-origin
img3040,0.8888888888888888,0.8,0.8421052631578948,0.8612274296481479,8,1,2,RGB-origin
img3061,0.8571428571428571,0.8076923076923077,0.8316831683168318,0.8428642555522776,42,7,10,RGB-origin
img3074,0.85,0.9444444444444444,0.8947368421052632,0.7941644799578923,17,3,1,RGB-origin
img3085,1.0,0.75,0.8571428571428571,0.7814836669519107,18,0,6,RGB-origin
img3095,0.7777777777777778,1.0,0.8750000000000001,0.7793450118040534,7,2,0,RGB-origin
img3103,0.8181818181818182,0.72,0.7659574468085107,0.8600916903676126,18,4,7,RGB-origin
img3106,0.8648648648648649,0.8421052631578947,0.8533333333333334,0.8537073794759553,32,5,6,RGB-origin
img3109,0.9166666666666666,0.7857142857142857,0.8461538461538461,0.882391776797655,11,1,3,RGB-origin
img311,0.375,0.2,0.26086956521739135,0.6782241859905219,3,5,12,RGB-origin
img3111,0.6666666666666666,0.3333333333333333,0.4444444444444444,0.8829582469604251,4,2,8,RGB-origin
img3121,0.6666666666666666,0.4444444444444444,0.5333333333333333,0.8154781332183972,12,6,15,RGB-origin
img3126,0.9,0.6428571428571429,0.75,0.9030545393576114,9,1,5,RGB-origin
img3133,0.868421052631579,0.66,0.7500000000000001,0.8425484404714184,33,5,17,RGB-origin
img314,0.9375,0.75,0.8333333333333334,0.7650433356432403,15,1,5,RGB-origin
img3146,0.8918918918918919,0.868421052631579,0.88,0.8088695463753623,33,4,5,RGB-origin
img3156,0.7777777777777778,0.6176470588235294,0.6885245901639345,0.8628547055450843,21,6,13,RGB-origin
img3157,0.7857142857142857,0.7586206896551724,0.7719298245614034,0.8317928828985941,22,6,7,RGB-origin
img3167,0.6818181818181818,0.45454545454545453,0.5454545454545454,0.767953882609574,15,7,18,RGB-origin
img3181,0.48,0.5714285714285714,0.5217391304347826,0.7456375389149846,12,13,9,RGB-origin
img3185,0.86,0.9148936170212766,0.8865979381443299,0.8635018958647994,43,7,4,RGB-origin
img3192,0.7777777777777778,0.6086956521739131,0.6829268292682927,0.858745358293625,14,4,9,RGB-origin
img3193,0.7142857142857143,0.5555555555555556,0.6250000000000001,0.8095566856537758,10,4,8,RGB-origin
img3198,1.0,0.7142857142857143,0.8333333333333333,0.7681382494967132,5,0,2,RGB-origin
img32,0.6666666666666666,0.5,0.5714285714285715,0.7842000167047705,4,2,4,RGB-origin
img3207,0.9333333333333333,0.9655172413793104,0.9491525423728815,0.8420366818149215,28,2,1,RGB-origin
img3209,0.8,0.7659574468085106,0.7826086956521738,0.782017843420991,36,9,11,RGB-origin
img321,0.9090909090909091,0.8333333333333334,0.8695652173913043,0.8309457077607606,20,2,4,RGB-origin
img3214,0.8979591836734694,0.6470588235294118,0.7521367521367522,0.8032492025670636,44,5,24,RGB-origin
img3220,0.8723404255319149,0.8723404255319149,0.8723404255319149,0.8623967891352069,41,6,6,RGB-origin
img3223,0.8787878787878788,0.8787878787878788,0.8787878787878788,0.8477557132903633,58,8,8,RGB-origin
img3226,0.9047619047619048,0.8837209302325582,0.8941176470588236,0.8845529664682313,38,4,5,RGB-origin
img323,0.0,0.0,0.0,0.0,0,0,1,RGB-origin
img3232,0.9696969696969697,0.9696969696969697,0.9696969696969697,0.8721114778775748,32,1,1,RGB-origin
img3234,0.9393939393939394,0.7560975609756098,0.8378378378378378,0.8292114822318325,31,2,10,RGB-origin
img3240,0.8205128205128205,0.6666666666666666,0.7356321839080459,0.7970697991437128,32,7,16,RGB-origin
img3245,0.56,0.6363636363636364,0.5957446808510639,0.7861486813667626,14,11,8,RGB-origin
img3248,0.5,1.0,0.6666666666666666,0.8355904543417652,4,4,0,RGB-origin
img3250,1.0,0.5,0.6666666666666666,0.6921297033558107,1,0,1,RGB-origin
img3252,0.7045454545454546,0.7045454545454546,0.7045454545454546,0.7801495454317449,31,13,13,RGB-origin
img3259,0.5,0.47058823529411764,0.48484848484848486,0.7712910196214589,16,16,18,RGB-origin
img3263,0.8837209302325582,0.8837209302325582,0.8837209302325582,0.8111159921310154,38,5,5,RGB-origin
img327,0.9,0.9473684210526315,0.9230769230769231,0.8658080297777269,18,2,1,RGB-origin
img3295,0.9166666666666666,0.7857142857142857,0.8461538461538461,0.931444390571816,11,1,3,RGB-origin
img3298,0.8888888888888888,0.7142857142857143,0.792079207920792,0.8456561780843934,40,5,16,RGB-origin
img3315,0.8285714285714286,0.8055555555555556,0.8169014084507044,0.8258475928990585,29,6,7,RGB-origin
img3325,1.0,0.6,0.7499999999999999,0.8235436253623366,6,0,4,RGB-origin
img3331,0.6486486486486487,0.7272727272727273,0.6857142857142857,0.8021543875728296,24,13,9,RGB-origin
img3332,0.9705882352941176,0.9428571428571428,0.9565217391304348,0.8270051337611561,33,1,2,RGB-origin
img3334,0.9743589743589743,0.926829268292683,0.9500000000000001,0.8409690764229594,38,1,3,RGB-origin
img3343,1.0,0.96,0.9795918367346939,0.836353885787997,24,0,1,RGB-origin
img3344,0.5,0.625,0.5555555555555556,0.840007521142676,5,5,3,RGB-origin
img3347,0.8333333333333334,0.6896551724137931,0.7547169811320755,0.7986934317023675,20,4,9,RGB-origin
img3352,0.7647058823529411,0.7647058823529411,0.7647058823529412,0.7528084050603195,13,4,4,RGB-origin
img3353,0.6666666666666666,0.6666666666666666,0.6666666666666666,0.7953179155714132,8,4,4,RGB-origin
img3368,0.9056603773584906,0.75,0.8205128205128206,0.8117994480772124,48,5,16,RGB-origin
img339,0.9555555555555556,0.9347826086956522,0.945054945054945,0.8548419409761531,43,2,3,RGB-origin
img3390,0.8888888888888888,0.7804878048780488,0.8311688311688312,0.8302846313516299,32,4,9,RGB-origin
img3392,0.6428571428571429,0.6666666666666666,0.6545454545454545,0.8443939599596727,18,10,9,RGB-origin
img3402,0.6428571428571429,0.6923076923076923,0.6666666666666666,0.8019021360759278,9,5,4,RGB-origin
img3405,0.6666666666666666,0.3333333333333333,0.4444444444444444,0.8072711635435701,2,1,4,RGB-origin
img3407,0.72,0.6,0.6545454545454547,0.7942146162524762,18,7,12,RGB-origin
img343,0.9545454545454546,0.9333333333333333,0.9438202247191012,0.863296694599496,42,2,3,RGB-origin
img3439,0.8823529411764706,0.5769230769230769,0.6976744186046512,0.804645936537808,15,2,11,RGB-origin
img3442,1.0,0.7058823529411765,0.8275862068965517,0.8613585338574165,24,0,10,RGB-origin
img3445,0.9615384615384616,0.8771929824561403,0.9174311926605504,0.8144994806246204,50,2,7,RGB-origin
img3446,0.9122807017543859,0.8524590163934426,0.8813559322033898,0.8330754753010267,52,5,9,RGB-origin
img3453,0.8709677419354839,0.84375,0.8571428571428571,0.8306388391183677,27,4,5,RGB-origin
img3458,0.918918918918919,0.8717948717948718,0.8947368421052632,0.8317340482014888,34,3,5,RGB-origin
img3469,0.918918918918919,0.85,0.8831168831168831,0.7920345319056321,34,3,6,RGB-origin
img347,0.7647058823529411,0.8387096774193549,0.7999999999999999,0.8178185693622599,26,8,5,RGB-origin
img3481,1.0,0.875,0.9333333333333333,0.9124355835519385,7,0,1,RGB-origin
img349,0.9722222222222222,0.8974358974358975,0.9333333333333333,0.8257930065219808,35,1,4,RGB-origin
img3498,1.0,0.9,0.9473684210526316,0.8469768850135663,9,0,1,RGB-origin
img3500,0.9285714285714286,0.9285714285714286,0.9285714285714286,0.8456638506012146,26,2,2,RGB-origin
img3507,1.0,0.8431372549019608,0.9148936170212766,0.8693207283562576,43,0,8,RGB-origin
img3515,0.7692307692307693,0.5555555555555556,0.6451612903225806,0.7841736584018029,10,3,8,RGB-origin
img3517,0.7272727272727273,0.6666666666666666,0.6956521739130435,0.8148384681394704,16,6,8,RGB-origin
img3520,0.9210526315789473,0.813953488372093,0.8641975308641974,0.8277471415002068,35,3,8,RGB-origin
img3523,0.8333333333333334,0.625,0.7142857142857143,0.8550993558320755,5,1,3,RGB-origin
img3536,0.9375,0.6818181818181818,0.7894736842105263,0.8383425118392928,15,1,7,RGB-origin
img3538,0.7037037037037037,0.5,0.5846153846153846,0.8185844537826573,19,8,19,RGB-origin
img3539,0.8421052631578947,0.7111111111111111,0.7710843373493975,0.8324865028849514,32,6,13,RGB-origin
img3546,0.8837209302325582,0.8837209302325582,0.8837209302325582,0.8317589704712824,38,5,5,RGB-origin
img3547,0.9512195121951219,0.8478260869565217,0.8965517241379309,0.7962128935130044,39,2,7,RGB-origin
img3548,0.7647058823529411,0.5909090909090909,0.6666666666666667,0.774408208616147,13,4,9,RGB-origin
img3569,0.9791666666666666,0.9791666666666666,0.9791666666666666,0.8757535065658574,47,1,1,RGB-origin
img3570,0.851063829787234,0.8,0.8247422680412372,0.8375443724028262,40,7,10,RGB-origin
img3571,0.8571428571428571,0.8372093023255814,0.8470588235294119,0.8480217781915145,36,6,7,RGB-origin
img3573,0.9607843137254902,0.9074074074074074,0.9333333333333333,0.8293305192298633,49,2,5,RGB-origin
img358,1.0,0.5,0.6666666666666666,0.6227565216668823,1,0,1,RGB-origin
img3589,0.9534883720930233,0.7884615384615384,0.8631578947368421,0.8335642942717502,41,2,11,RGB-origin
img359,0.7272727272727273,0.4507042253521127,0.5565217391304348,0.7981411220254825,32,12,39,RGB-origin
img3591,0.7857142857142857,0.5,0.6111111111111112,0.7748608122704599,11,3,11,RGB-origin
img3595,0.8275862068965517,0.8275862068965517,0.8275862068965517,0.8727461629239256,24,5,5,RGB-origin
img3611,0.96875,0.8157894736842105,0.8857142857142857,0.8230680773365608,31,1,7,RGB-origin
img3618,0.8541666666666666,0.6949152542372882,0.7663551401869159,0.8424337554346091,41,7,18,RGB-origin
img3619,0.7948717948717948,0.775,0.7848101265822786,0.7997448366381845,31,8,9,RGB-origin
img3626,0.7272727272727273,0.6,0.6575342465753425,0.8001662816149385,24,9,16,RGB-origin
img3631,0.9591836734693877,0.9215686274509803,0.9400000000000001,0.8793433493253342,47,2,4,RGB-origin
img3638,0.7931034482758621,0.696969696969697,0.7419354838709677,0.8203066967560801,23,6,10,RGB-origin
img3639,0.7894736842105263,0.6976744186046512,0.7407407407407408,0.8065016581506762,30,8,13,RGB-origin
img364,1.0,1.0,1.0,0.8668714437459398,6,0,0,RGB-origin
img3644,0.8275862068965517,0.8571428571428571,0.8421052631578947,0.8044481079694181,24,5,4,RGB-origin
img3650,0.8775510204081632,0.8958333333333334,0.8865979381443299,0.865071647718538,43,6,5,RGB-origin
img3655,1.0,0.8947368421052632,0.9444444444444444,0.8606237629735783,17,0,2,RGB-origin
img3656,0.8333333333333334,0.75,0.7894736842105262,0.8484771030039574,15,3,5,RGB-origin
img3671,0.9722222222222222,0.9210526315789473,0.9459459459459458,0.8323195518277146,35,1,3,RGB-origin
img3674,0.7692307692307693,0.6666666666666666,0.7142857142857142,0.8299388630793322,30,9,15,RGB-origin
img3675,0.78125,0.6756756756756757,0.7246376811594203,0.8542191723634387,25,7,12,RGB-origin
img3679,0.9090909090909091,0.9302325581395349,0.9195402298850575,0.8894197524965801,40,4,3,RGB-origin
img368,0.9393939393939394,0.8611111111111112,0.8985507246376813,0.8426650834124979,31,2,5,RGB-origin
img3702,0.65,0.5652173913043478,0.6046511627906976,0.8100061657938856,13,7,10,RGB-origin
img371,0.4,0.3333333333333333,0.3636363636363636,0.7355183833075358,2,3,4,RGB-origin
img3722,0.9090909090909091,0.6060606060606061,0.7272727272727273,0.827174096167146,20,2,13,RGB-origin
img3727,0.8888888888888888,0.8888888888888888,0.8888888888888888,0.8483463572524347,40,5,5,RGB-origin
img3731,0.8235294117647058,0.7,0.7567567567567567,0.8155560682958914,28,6,12,RGB-origin
img3738,0.9545454545454546,0.9130434782608695,0.9333333333333332,0.8698523946273118,42,2,4,RGB-origin
img3740,0.45454545454545453,0.5769230769230769,0.5084745762711863,0.7429704687664701,15,18,11,RGB-origin
img3752,0.8,0.8888888888888888,0.8421052631578948,0.8687043302444675,8,2,1,RGB-origin
img3753,0.6923076923076923,0.75,0.7199999999999999,0.8270682781777701,9,4,3,RGB-origin
img3757,0.8679245283018868,0.7796610169491526,0.8214285714285715,0.8673473026495229,46,7,13,RGB-origin
img3770,0.8793103448275862,0.7285714285714285,0.796875,0.8412502130210888,51,7,19,RGB-origin
img3780,0.5517241379310345,0.5714285714285714,0.5614035087719299,0.7732512988674972,16,13,12,RGB-origin
img3784,0.6363636363636364,0.75,0.6885245901639345,0.7553129019804762,21,12,7,RGB-origin
img3786,0.625,0.4838709677419355,0.5454545454545454,0.7927874729165705,15,9,16,RGB-origin
img379,0.9111111111111111,0.8723404255319149,0.891304347826087,0.8264210114731484,41,4,6,RGB-origin
img3794,0.631578947368421,0.7058823529411765,0.6666666666666667,0.9002204057534343,12,7,5,RGB-origin
img3796,0.7567567567567568,0.5490196078431373,0.6363636363636364,0.833965857916098,28,9,23,RGB-origin
img3799,0.5925925925925926,0.5333333333333333,0.5614035087719299,0.7971627924232159,16,11,14,RGB-origin
img380,0.9574468085106383,0.9183673469387755,0.9375000000000001,0.8555014104518177,45,2,4,RGB-origin
img3807,0.9767441860465116,0.9130434782608695,0.9438202247191011,0.8745636994401638,42,1,4,RGB-origin
img381,1.0,1.0,1.0,0.8812853085482778,19,0,0,RGB-origin
img3815,1.0,0.9565217391304348,0.9777777777777777,0.8689575596271543,22,0,1,RGB-origin
img3825,0.88,0.9166666666666666,0.8979591836734694,0.859713474088402,22,3,2,RGB-origin
img3826,0.75,0.7714285714285715,0.7605633802816902,0.8495190300376323,27,9,8,RGB-origin
img3828,0.7272727272727273,0.7619047619047619,0.7441860465116279,0.8142687896427356,16,6,5,RGB-origin
img3831,0.8333333333333334,1.0,0.9090909090909091,0.8816395075402272,5,1,0,RGB-origin
img3841,0.7,0.6363636363636364,0.6666666666666666,0.8557537516806782,7,3,4,RGB-origin
img3846,0.9090909090909091,0.9090909090909091,0.9090909090909091,0.829954358609181,10,1,1,RGB-origin
img385,1.0,0.9333333333333333,0.9655172413793104,0.9133226016003544,28,0,2,RGB-origin
img386,0.9142857142857143,0.9696969696969697,0.9411764705882354,0.868474297406318,32,3,1,RGB-origin
img3869,0.7837837837837838,0.6590909090909091,0.7160493827160493,0.8486023287152292,29,8,15,RGB-origin
img3873,1.0,0.75,0.8571428571428571,0.9273239598431161,3,0,1,RGB-origin
img3878,0.8235294117647058,0.6666666666666666,0.7368421052631577,0.8772847758891965,14,3,7,RGB-origin
img3879,0.9411764705882353,0.9696969696969697,0.955223880597015,0.8646826837176107,32,2,1,RGB-origin
img3885,0.8,0.8,0.8000000000000002,0.7965994384251623,4,1,1,RGB-origin
img3911,1.0,1.0,1.0,0.8840465981322414,4,0,0,RGB-origin
img3915,0.7619047619047619,0.8,0.7804878048780488,0.8682107272018452,16,5,4,RGB-origin
img392,1.0,0.8409090909090909,0.9135802469135803,0.8867106840589581,37,0,7,RGB-origin
img3926,0.8,0.75,0.7741935483870969,0.8196551814160928,12,3,4,RGB-origin
img3931,0.78125,0.6756756756756757,0.7246376811594203,0.8279120688006977,25,7,12,RGB-origin
img3941,0.6666666666666666,0.7,0.6829268292682926,0.824957169831764,14,7,6,RGB-origin
img3946,0.8,0.5333333333333333,0.64,0.8393290010414046,8,2,7,RGB-origin
img3964,0.8666666666666667,0.5909090909090909,0.7027027027027029,0.7880848774729668,13,2,9,RGB-origin
img397,0.7948717948717948,0.8857142857142857,0.8378378378378378,0.7803381883560071,31,8,4,RGB-origin
img3995,0.9807692307692307,0.9622641509433962,0.9714285714285713,0.8917032041802311,51,1,2,RGB-origin
img4,0.9666666666666667,0.9354838709677419,0.9508196721311476,0.7916402752417725,29,1,2,RGB-origin
img4010,0.9166666666666666,0.7857142857142857,0.8461538461538461,0.8365202120986215,11,1,3,RGB-origin
img4017,0.8604651162790697,0.7551020408163265,0.8043478260869564,0.8474332371333116,37,6,12,RGB-origin
img4022,0.9459459459459459,0.9210526315789473,0.9333333333333332,0.8339096623273905,35,2,3,RGB-origin
img4025,0.0,0.0,0.0,0.0,0,0,0,RGB-origin
img4049,0.98,0.9423076923076923,0.9607843137254902,0.8555193892319549,49,1,3,RGB-origin
img405,0.88,0.9565217391304348,0.9166666666666666,0.8638637289549608,22,3,1,RGB-origin
img4056,0.0,0.0,0.0,0.0,0,0,0,RGB-origin
img4059,0.8148148148148148,0.7096774193548387,0.7586206896551724,0.8273675481596879,44,10,18,RGB-origin
img4062,0.8333333333333334,0.8333333333333334,0.8333333333333334,0.8490535789153159,15,3,3,RGB-origin
img4069,0.75,0.42857142857142855,0.5454545454545454,0.8580766110907215,3,1,4,RGB-origin
img4086,1.0,0.5,0.6666666666666666,0.9607461118930415,1,0,1,RGB-origin
img4096,0.9047619047619048,0.8382352941176471,0.8702290076335878,0.8465985545618497,57,6,11,RGB-origin
img4104,0.0,0.0,0.0,0.0,0,0,0,RGB-origin
img4112,0.9814814814814815,0.9636363636363636,0.9724770642201834,0.8483370970873108,53,1,2,RGB-origin
img4127,0.9090909090909091,0.6976744186046512,0.7894736842105263,0.8342092611210662,30,3,13,RGB-origin
img4145,0.9047619047619048,0.7169811320754716,0.8,0.826281473564654,38,4,15,RGB-origin
img4154,0.9090909090909091,0.8333333333333334,0.8695652173913043,0.8247801007993111,20,2,4,RGB-origin
img4158,0.9285714285714286,0.7222222222222222,0.8125000000000001,0.7434180157583063,13,1,5,RGB-origin
img4173,0.8947368421052632,0.85,0.8717948717948718,0.8810066043285734,34,4,6,RGB-origin
img4174,0.8813559322033898,0.8387096774193549,0.859504132231405,0.8616925620944754,52,7,10,RGB-origin
img4175,0.9310344827586207,0.8181818181818182,0.8709677419354839,0.8576606049524543,54,4,12,RGB-origin
img4183,0.0,0.0,0.0,0.0,0,2,1,RGB-origin
img4186,1.0,1.0,1.0,0.8378878329136468,7,0,0,RGB-origin
img4188,0.0,0.0,0.0,0.0,0,0,0,RGB-origin
img4195,0.94,0.8392857142857143,0.8867924528301886,0.8958967122673167,47,3,9,RGB-origin
img4204,0.8125,0.639344262295082,0.7155963302752295,0.8429436037536683,39,9,22,RGB-origin
img4216,0.7368421052631579,0.7,0.717948717948718,0.822193742624736,14,5,6,RGB-origin
img4228,0.9487179487179487,0.8222222222222222,0.8809523809523809,0.8627432821988936,37,2,8,RGB-origin
img4229,1.0,0.8979591836734694,0.9462365591397849,0.8195672901758879,44,0,5,RGB-origin
img4231,0.8709677419354839,0.6923076923076923,0.7714285714285716,0.8090489269316813,27,4,12,RGB-origin
img4237,0.8723404255319149,0.6507936507936508,0.7454545454545455,0.8609742034287442,41,6,22,RGB-origin
img4238,0.782608695652174,0.7012987012987013,0.7397260273972603,0.8404132952412189,54,15,23,RGB-origin
img4239,0.88,0.7457627118644068,0.8073394495412843,0.7994506283674895,44,6,15,RGB-origin
img4249,1.0,1.0,1.0,0.9192886690983896,1,0,0,RGB-origin
img4253,0.8333333333333334,0.6944444444444444,0.7575757575757577,0.8231939343524671,25,5,11,RGB-origin
img4256,0.8333333333333334,0.8035714285714286,0.8181818181818182,0.8420926837859666,45,9,11,RGB-origin
img4259,0.9166666666666666,0.7333333333333333,0.8148148148148148,0.8140155461045704,22,2,8,RGB-origin
img4260,0.9090909090909091,0.6666666666666666,0.7692307692307692,0.7788051661052616,10,1,5,RGB-origin
img4266,0.0,0.0,0.0,0.0,0,0,0,RGB-origin
img427,0.7142857142857143,0.5,0.588235294117647,0.7387561549041645,5,2,5,RGB-origin
img4270,0.9230769230769231,0.8,0.8571428571428571,0.8775283391235186,48,4,12,RGB-origin
img4271,0.8297872340425532,0.8297872340425532,0.8297872340425532,0.8675106001750215,39,8,8,RGB-origin
img4277,0.8636363636363636,0.8636363636363636,0.8636363636363636,0.8293120068042209,38,6,6,RGB-origin
img4287,0.9791666666666666,0.8392857142857143,0.9038461538461539,0.8565186873173264,47,1,9,RGB-origin
img4291,0.9636363636363636,0.8983050847457628,0.9298245614035089,0.8511608553056259,53,2,6,RGB-origin
img4300,0.25,1.0,0.4,0.8213047577334778,1,3,0,RGB-origin
img4303,0.9534883720930233,0.7884615384615384,0.8631578947368421,0.8360473900111668,41,2,11,RGB-origin
img4304,0.8913043478260869,0.7192982456140351,0.7961165048543689,0.8420868222596695,41,5,16,RGB-origin
img4306,0.9393939393939394,0.8611111111111112,0.8985507246376813,0.8248714559505439,31,2,5,RGB-origin
img4314,0.8,0.8,0.8000000000000002,0.8586435989243677,20,5,5,RGB-origin
img4316,0.8,0.7017543859649122,0.7476635514018691,0.8278233823747454,40,10,17,RGB-origin
img4319,0.9777777777777777,0.7719298245614035,0.8627450980392156,0.8426857728413997,44,1,13,RGB-origin
img4327,0.6,0.5,0.5454545454545454,0.8760837216277763,3,2,3,RGB-origin
img434,0.9090909090909091,0.8,0.8510638297872342,0.8057578339735001,20,2,5,RGB-origin
img4342,1.0,1.0,1.0,0.9306637784653534,2,0,0,RGB-origin
img4343,0.0,0.0,0.0,0.0,0,5,0,RGB-origin
img4344,0.0,0.0,0.0,0.0,0,2,0,RGB-origin
img435,0.8421052631578947,0.7619047619047619,0.8,0.829702808170933,16,3,5,RGB-origin
img4350,0.8947368421052632,0.918918918918919,0.9066666666666667,0.8336491980276002,34,4,3,RGB-origin
img4361,0.8387096774193549,0.7428571428571429,0.787878787878788,0.8484213043401331,26,5,9,RGB-origin
img4376,0.7692307692307693,0.7142857142857143,0.7407407407407408,0.8580740434143934,10,3,4,RGB-origin
img4386,0.9347826086956522,0.7049180327868853,0.8037383177570093,0.7954481766542493,43,3,18,RGB-origin
img4387,0.9523809523809523,0.7407407407407407,0.8333333333333334,0.7952360077251152,40,2,14,RGB-origin
img4395,0.7058823529411765,0.5454545454545454,0.6153846153846153,0.7806710428682985,12,5,10,RGB-origin
img4402,0.0,0.0,0.0,0.0,0,3,0,RGB-origin
img441,0.9,0.9473684210526315,0.9230769230769231,0.8746011662392319,18,2,1,RGB-origin
img4419,1.0,0.6666666666666666,0.8,0.9259853169241332,2,0,1,RGB-origin
img4428,0.9166666666666666,1.0,0.9565217391304348,0.800336579162013,22,2,0,RGB-origin
img4431,1.0,0.6666666666666666,0.8,0.7863044437128766,2,0,1,RGB-origin
img4457,0.782608695652174,0.6428571428571429,0.7058823529411765,0.8341608770061505,18,5,10,RGB-origin
img4462,0.9777777777777777,0.88,0.9263157894736842,0.8089219930870307,44,1,6,RGB-origin
img4463,0.95,0.8260869565217391,0.8837209302325583,0.8481144381557946,38,2,8,RGB-origin
img4464,0.8421052631578947,0.7272727272727273,0.7804878048780488,0.8382350771379172,16,3,6,RGB-origin
img4471,0.6111111111111112,0.6111111111111112,0.6111111111111112,0.8771060044421496,11,7,7,RGB-origin
img4476,0.8148148148148148,0.7857142857142857,0.7999999999999999,0.7520281989888253,22,5,6,RGB-origin
img4494,0.5,0.75,0.6,0.9412528737941299,3,3,1,RGB-origin
img4517,1.0,0.8260869565217391,0.9047619047619047,0.7988300020846445,19,0,4,RGB-origin
img4518,0.8461538461538461,0.9166666666666666,0.8799999999999999,0.8521459356641162,11,2,1,RGB-origin
img4526,0.8333333333333334,0.9090909090909091,0.8695652173913043,0.7846029467830009,10,2,1,RGB-origin
img4533,0.2608695652173913,1.0,0.41379310344827586,0.8877679653776712,6,17,0,RGB-origin
img4536,0.9166666666666666,0.7333333333333333,0.8148148148148148,0.8735830183310372,11,1,4,RGB-origin
img4546,0.8723404255319149,0.7592592592592593,0.8118811881188118,0.8328015772327908,41,6,13,RGB-origin
img455,1.0,0.75,0.8571428571428571,0.5956239417780057,3,0,1,RGB-origin
img4550,1.0,0.8666666666666667,0.9285714285714286,0.8198990222811795,13,0,2,RGB-origin
img4553,0.8,0.8888888888888888,0.8421052631578948,0.873513782338943,8,2,1,RGB-origin
img457,0.7407407407407407,0.8695652173913043,0.7999999999999999,0.8931916323390559,20,7,3,RGB-origin
img4571,0.75,0.6,0.6666666666666665,0.8728355637983055,6,2,4,RGB-origin
img458,0.9433962264150944,0.8771929824561403,0.9090909090909091,0.8275137925305277,50,3,7,RGB-origin
img4580,0.0,0.0,0.0,0.0,0,0,0,RGB-origin
img4581,0.0,0.0,0.0,0.0,0,1,0,RGB-origin
img4583,0.0,0.0,0.0,0.0,0,0,0,RGB-origin
img4586,1.0,0.75,0.8571428571428571,0.8646371726295023,3,0,1,RGB-origin
img4592,0.9354838709677419,0.9354838709677419,0.9354838709677419,0.8507651084923133,29,2,2,RGB-origin
img4597,1.0,1.0,1.0,0.8786605174221791,8,0,0,RGB-origin
img4601,0.782608695652174,0.6923076923076923,0.7346938775510203,0.826285894200238,18,5,8,RGB-origin
img4610,0.8181818181818182,0.9,0.8571428571428572,0.8909397380355859,9,2,1,RGB-origin
img4615,0.6363636363636364,0.7,0.6666666666666666,0.8088183572298097,7,4,3,RGB-origin
img4641,0.95,0.8444444444444444,0.8941176470588236,0.8359413691230484,38,2,7,RGB-origin
img4655,1.0,0.5,0.6666666666666666,0.8808497080930144,2,0,2,RGB-origin
img466,0.9285714285714286,0.8125,0.8666666666666666,0.7935527651249935,13,1,3,RGB-origin
img4672,0.8421052631578947,0.6666666666666666,0.744186046511628,0.8116832606520017,16,3,8,RGB-origin
img4673,0.6428571428571429,0.5625,0.6000000000000001,0.8304242002739827,9,5,7,RGB-origin
img4675,1.0,0.8260869565217391,0.9047619047619047,0.7965242167260623,19,0,4,RGB-origin
img4676,1.0,0.6666666666666666,0.8,0.8394674949738827,2,0,1,RGB-origin
img4684,1.0,0.625,0.7692307692307693,0.870116126257372,5,0,3,RGB-origin
img469,0.8529411764705882,0.7837837837837838,0.8169014084507041,0.7947271414078337,29,5,8,RGB-origin
img4694,0.875,0.7368421052631579,0.7999999999999999,0.825467548855099,14,2,5,RGB-origin
img4701,0.75,1.0,0.8571428571428571,0.9087077592032436,3,1,0,RGB-origin
img4703,0.7878787878787878,0.6190476190476191,0.6933333333333334,0.8405595068170223,26,7,16,RGB-origin
img4706,0.7796610169491526,0.6216216216216216,0.6917293233082706,0.8126933766686398,46,13,28,RGB-origin
img4728,0.8,0.3076923076923077,0.4444444444444444,0.8188162205663188,4,1,9,RGB-origin
img4755,0.8571428571428571,0.9230769230769231,0.888888888888889,0.8414434215734214,12,2,1,RGB-origin
img4777,0.9074074074074074,0.6805555555555556,0.7777777777777779,0.8508098874082325,49,5,23,RGB-origin
img4785,0.7555555555555555,0.6296296296296297,0.6868686868686867,0.7821406884381706,34,11,20,RGB-origin
img4786,0.8913043478260869,0.7884615384615384,0.836734693877551,0.7903339390119487,41,5,11,RGB-origin
img4797,1.0,0.6666666666666666,0.8,0.8128604272125133,2,0,1,RGB-origin
img4800,0.7333333333333333,0.7857142857142857,0.7586206896551724,0.7672529389063473,11,4,3,RGB-origin
img4809,0.5,0.5806451612903226,0.537313432835821,0.7571700059537083,18,18,13,RGB-origin
img481,0.0,0.0,0.0,0.0,0,0,0,RGB-origin
img4810,0.25,0.16666666666666666,0.2,0.7913621798344853,1,3,5,RGB-origin
img482,0.0,0.0,0.0,0.0,0,0,0,RGB-origin
img4821,0.8,0.8,0.8000000000000002,0.9091662125335813,4,1,1,RGB-origin
img4827,0.9318181818181818,0.9318181818181818,0.9318181818181818,0.8764603785673454,41,3,3,RGB-origin
img4828,0.6666666666666666,1.0,0.8,0.8324197364894657,4,2,0,RGB-origin
img483,0.3333333333333333,0.2,0.25,0.7412054976316966,3,6,12,RGB-origin
img4840,0.9,0.9375,0.9183673469387755,0.8901875339845888,45,5,3,RGB-origin
img4844,0.9565217391304348,0.88,0.9166666666666666,0.8830507849749659,44,2,6,RGB-origin
img4847,0.6363636363636364,0.7777777777777778,0.7000000000000001,0.8009923371736593,7,4,2,RGB-origin
img485,0.0,0.0,0.0,0.0,0,0,0,RGB-origin
img4857,0.9024390243902439,0.6981132075471698,0.7872340425531914,0.809964180052107,37,4,16,RGB-origin
img4863,0.896551724137931,0.8125,0.8524590163934426,0.8522193332130077,26,3,6,RGB-origin
img4865,0.8928571428571429,0.8064516129032258,0.8474576271186439,0.8495876743061368,25,3,6,RGB-origin
img4866,0.8181818181818182,0.72,0.7659574468085107,0.7893751273104653,18,4,7,RGB-origin
img4869,0.7586206896551724,0.7586206896551724,0.7586206896551724,0.8065388975015648,22,7,7,RGB-origin
img4871,0.85,0.7391304347826086,0.7906976744186046,0.8333671290045752,17,3,6,RGB-origin
img4899,0.0,0.0,0.0,0.0,0,0,0,RGB-origin
img490,1.0,0.875,0.9333333333333333,0.8556804360616066,7,0,1,RGB-origin
img4904,0.875,1.0,0.9333333333333333,0.7041297723829933,7,1,0,RGB-origin
img4906,0.9807692307692307,0.9107142857142857,0.9444444444444444,0.860132496938478,51,1,5,RGB-origin
img4922,0.9565217391304348,0.8148148148148148,0.8800000000000001,0.898520450551093,44,2,10,RGB-origin
img4925,0.8,0.5714285714285714,0.6666666666666666,0.7585315231819663,4,1,3,RGB-origin
img4928,0.6923076923076923,0.5,0.5806451612903226,0.7779792513289818,9,4,9,RGB-origin
img4932,1.0,0.75,0.8571428571428571,0.9169436326683494,6,0,2,RGB-origin
img4933,0.5384615384615384,0.6363636363636364,0.5833333333333334,0.8089013727587583,14,12,8,RGB-origin
img4940,0.7857142857142857,0.6666666666666666,0.721311475409836,0.8282444938316119,22,6,11,RGB-origin
img4942,0.9032258064516129,0.717948717948718,0.8,0.8521751662074861,28,3,11,RGB-origin
img4947,0.7777777777777778,0.75,0.7636363636363638,0.8339422313960527,21,6,7,RGB-origin
img4948,0.8947368421052632,0.5151515151515151,0.6538461538461537,0.7610537592942201,17,2,16,RGB-origin
img4972,0.0,0.0,0.0,0.0,0,0,1,RGB-origin
img4981,0.9512195121951219,0.8863636363636364,0.9176470588235294,0.8392371365988895,39,2,5,RGB-origin
img4984,0.9565217391304348,0.8148148148148148,0.8800000000000001,0.8719570915377367,44,2,10,RGB-origin
img4986,1.0,0.95,0.9743589743589743,0.8594039043949204,38,0,2,RGB-origin
img4992,0.9166666666666666,0.7857142857142857,0.8461538461538461,0.893875433611453,22,2,6,RGB-origin
img5007,0.3333333333333333,0.2,0.25,0.9540042028363869,1,2,4,RGB-origin
img5015,0.8,0.7777777777777778,0.7887323943661971,0.8494661109980415,28,7,8,RGB-origin
img5019,0.926829268292683,0.7916666666666666,0.8539325842696629,0.837587950012159,38,3,10,RGB-origin
img5026,0.5833333333333334,0.7777777777777778,0.6666666666666666,0.8460158829562809,7,5,2,RGB-origin
img5037,0.4,0.4444444444444444,0.4210526315789474,0.6514649693118473,4,6,5,RGB-origin
img5047,0.0,0.0,0.0,0.0,0,0,0,RGB-origin
img505,0.8823529411764706,0.8571428571428571,0.8695652173913043,0.8485281155622186,30,4,5,RGB-origin
img5050,0.0,0.0,0.0,0.0,0,0,0,RGB-origin
img5051,0.0,0.0,0.0,0.0,0,0,0,RGB-origin
img5055,0.0,0.0,0.0,0.0,0,0,0,RGB-origin
img5059,1.0,0.7894736842105263,0.8823529411764706,0.8510413239591846,15,0,4,RGB-origin
img506,0.84375,0.9,0.870967741935484,0.8715772531755657,27,5,3,RGB-origin
img5063,0.9772727272727273,0.9148936170212766,0.945054945054945,0.8849697494205452,43,1,4,RGB-origin
img5069,0.9411764705882353,0.9142857142857143,0.9275362318840579,0.8840239307466384,32,2,3,RGB-origin
img507,0.9545454545454546,0.84,0.8936170212765958,0.8652619593287794,21,1,4,RGB-origin
img5079,0.9230769230769231,0.8372093023255814,0.878048780487805,0.8989168144858662,36,3,7,RGB-origin
img5083,1.0,1.0,1.0,0.7614709029234902,1,0,0,RGB-origin
img5091,0.7,0.7777777777777778,0.7368421052631577,0.8638216347643989,7,3,2,RGB-origin
img5094,0.7608695652173914,0.813953488372093,0.7865168539325844,0.8431822808956697,35,11,8,RGB-origin
img5095,0.8222222222222222,0.74,0.7789473684210526,0.8758578021668255,37,8,13,RGB-origin
img5107,0.5,0.28,0.358974358974359,0.7518859688719732,7,7,18,RGB-origin
img511,0.9807692307692307,1.0,0.9902912621359222,0.8256979003210347,51,1,0,RGB-origin
img5111,0.8666666666666667,0.7647058823529411,0.8125,0.8068864202850617,13,2,4,RGB-origin
img5113,0.0,0.0,0.0,0.0,0,0,0,RGB-origin
img5115,1.0,0.8,0.888888888888889,0.7188993191021724,4,0,1,RGB-origin
img5119,0.875,0.6666666666666666,0.7567567567567567,0.8265936594938543,42,6,21,RGB-origin
img5123,0.9487179487179487,0.925,0.9367088607594937,0.8636962039166903,37,2,3,RGB-origin
img5125,0.75,0.6923076923076923,0.7199999999999999,0.8521679364201256,9,3,4,RGB-origin
img5131,0.0,0.0,0.0,0.0,0,0,0,RGB-origin
img5134,0.0,0.0,0.0,0.0,0,0,0,RGB-origin
img5140,0.9696969696969697,0.8648648648648649,0.9142857142857143,0.8489507747424145,32,1,5,RGB-origin
img5143,0.5,0.375,0.42857142857142855,0.7168150675484343,3,3,5,RGB-origin
img5154,0.9090909090909091,0.9090909090909091,0.9090909090909091,0.8473310183024353,10,1,1,RGB-origin
img5163,1.0,0.3,0.4615384615384615,0.8844342018431547,3,0,7,RGB-origin
img5167,1.0,0.8,0.888888888888889,0.8320234819825816,4,0,1,RGB-origin
img517,0.8888888888888888,0.96,0.923076923076923,0.8845121325695405,24,3,1,RGB-origin
img5173,0.8333333333333334,0.8695652173913043,0.851063829787234,0.823210982046367,20,4,3,RGB-origin
img5179,0.8888888888888888,0.8275862068965517,0.8571428571428572,0.8554309197173829,24,3,5,RGB-origin
img5182,0.8888888888888888,0.7619047619047619,0.8205128205128205,0.8141322765195104,16,2,5,RGB-origin
img5183,1.0,0.8181818181818182,0.9,0.782629456309615,9,0,2,RGB-origin
img5184,0.5882352941176471,0.5,0.5405405405405405,0.783916870757947,10,7,10,RGB-origin
img5186,0.8636363636363636,0.76,0.8085106382978724,0.7917967498261874,19,3,6,RGB-origin
img5198,0.9166666666666666,0.7857142857142857,0.8461538461538461,0.7940231764465282,22,2,6,RGB-origin
img5208,0.8571428571428571,0.75,0.7999999999999999,0.8810641410794897,12,2,4,RGB-origin
img5209,0.5,0.2,0.28571428571428575,0.9716566627011335,1,1,4,RGB-origin
img5226,0.782608695652174,0.6,0.6792452830188679,0.8035047479388209,18,5,12,RGB-origin
img5230,0.5,1.0,0.6666666666666666,0.9407850194751876,1,1,0,RGB-origin
img5244,1.0,0.5714285714285714,0.7272727272727273,0.9273009263756751,4,0,3,RGB-origin
img5245,1.0,0.7142857142857143,0.8333333333333333,0.830100183115509,5,0,2,RGB-origin
img526,0.8461538461538461,0.7857142857142857,0.8148148148148148,0.7812989117483337,11,2,3,RGB-origin
img5260,0.8125,0.7027027027027027,0.7536231884057971,0.8539483153181504,26,6,11,RGB-origin
img5261,0.8846153846153846,0.8846153846153846,0.8846153846153846,0.8180533592537668,23,3,3,RGB-origin
img5262,0.8333333333333334,0.6818181818181818,0.7499999999999999,0.7832548442094663,15,3,7,RGB-origin
img5283,0.8888888888888888,0.8421052631578947,0.8648648648648649,0.8748770610781209,32,4,6,RGB-origin
img529,0.8333333333333334,0.7894736842105263,0.8108108108108109,0.7994125871519925,30,6,8,RGB-origin
img5292,1.0,1.0,1.0,0.9371407476349123,5,0,0,RGB-origin
img5294,0.8333333333333334,1.0,0.9090909090909091,0.8756341680387395,10,2,0,RGB-origin
img530,0.9473684210526315,0.8181818181818182,0.8780487804878049,0.8559884561004403,36,2,8,RGB-origin
img5309,1.0,1.0,1.0,0.9101456266781428,4,0,0,RGB-origin
img5311,0.9090909090909091,0.8333333333333334,0.8695652173913043,0.8826793822906452,40,4,8,RGB-origin
img5316,0.9512195121951219,0.9512195121951219,0.9512195121951219,0.8680632651250365,39,2,2,RGB-origin
img5317,0.95,0.926829268292683,0.9382716049382716,0.8654706229030822,38,2,3,RGB-origin
img5319,0.75,0.8181818181818182,0.7826086956521738,0.8869751022978133,9,3,2,RGB-origin
img5321,0.4666666666666667,0.7777777777777778,0.5833333333333334,0.7014157321032185,7,8,2,RGB-origin
img5324,0.8888888888888888,0.7272727272727273,0.7999999999999999,0.8581523136901301,8,1,3,RGB-origin
img5346,0.625,0.5263157894736842,0.5714285714285714,0.801402605902372,10,6,9,RGB-origin
img5348,0.9,0.84375,0.870967741935484,0.8423961954117059,27,3,5,RGB-origin
img5349,0.4827586206896552,0.7368421052631579,0.5833333333333334,0.838805238459618,14,15,5,RGB-origin
img5360,0.9411764705882353,0.8571428571428571,0.897196261682243,0.8642320244977076,48,3,8,RGB-origin
img5361,0.9130434782608695,0.8936170212765957,0.9032258064516129,0.8522999214626423,42,4,5,RGB-origin
img5364,0.95,0.9047619047619048,0.9268292682926829,0.8523840246018407,57,3,6,RGB-origin
img5370,1.0,0.8,0.888888888888889,0.8157416255062326,4,0,1,RGB-origin
img5388,0.9107142857142857,0.8947368421052632,0.9026548672566371,0.8445277905149088,51,5,6,RGB-origin
img5393,0.925,0.9024390243902439,0.9135802469135802,0.8586865669247882,37,3,4,RGB-origin
img5398,0.6666666666666666,0.6666666666666666,0.6666666666666666,0.899748400589703,6,3,3,RGB-origin
img5409,0.7,0.5384615384615384,0.608695652173913,0.8664161596018448,7,3,6,RGB-origin
img5411,1.0,0.5,0.6666666666666666,0.9212248923577346,1,0,1,RGB-origin
img5413,0.8947368421052632,0.8095238095238095,0.8500000000000001,0.8291977454334284,17,2,4,RGB-origin
img5419,0.9090909090909091,0.7692307692307693,0.8333333333333333,0.8390324246832218,20,2,6,RGB-origin
img542,0.0,0.0,0.0,0.0,0,0,0,RGB-origin
img543,1.0,0.25,0.4,0.8866224443369568,1,0,3,RGB-origin
img5430,0.8571428571428571,0.6666666666666666,0.75,0.7908818342350239,6,1,3,RGB-origin
img5431,0.95,0.95,0.9500000000000001,0.810285887888792,19,1,1,RGB-origin
img5432,0.8888888888888888,0.8571428571428571,0.8727272727272727,0.833520108003901,24,3,4,RGB-origin
img5437,0.84,0.711864406779661,0.7706422018348624,0.8633462047615471,42,8,17,RGB-origin
img5443,0.92,0.7931034482758621,0.851851851851852,0.8722272355127739,46,4,12,RGB-origin
img5456,0.4,0.4,0.4000000000000001,0.7975097039676837,8,12,12,RGB-origin
img5463,0.8163265306122449,0.7142857142857143,0.7619047619047619,0.8243169929514427,40,9,16,RGB-origin
img5467,1.0,0.9215686274509803,0.9591836734693878,0.8771019859370781,47,0,4,RGB-origin
img5470,0.8913043478260869,0.9534883720930233,0.9213483146067417,0.8511253745725617,41,5,2,RGB-origin
img5474,0.9487179487179487,0.925,0.9367088607594937,0.8457804523182296,37,2,3,RGB-origin
img5476,1.0,0.9523809523809523,0.975609756097561,0.8397163934100298,20,0,1,RGB-origin
img5489,0.7,0.6363636363636364,0.6666666666666666,0.9146527412002846,7,3,4,RGB-origin
img5495,0.8,0.8,0.8000000000000002,0.8215052049263183,16,4,4,RGB-origin
img5499,0.9090909090909091,0.9090909090909091,0.9090909090909091,0.8479096546754856,10,1,1,RGB-origin
img5510,0.8,0.6,0.6857142857142857,0.8174337938932434,12,3,8,RGB-origin
img5512,0.7692307692307693,0.7272727272727273,0.7476635514018691,0.7879594751953938,40,12,15,RGB-origin
img5513,0.7884615384615384,0.7454545454545455,0.766355140186916,0.8213941930517419,41,11,14,RGB-origin
img5521,0.9523809523809523,0.7407407407407407,0.8333333333333334,0.8632524652699443,40,2,14,RGB-origin
img5528,1.0,1.0,1.0,0.8560800656160474,11,0,0,RGB-origin
img5529,0.0,0.0,0.0,0.0,0,0,0,RGB-origin
img5547,0.8857142857142857,0.96875,0.9253731343283582,0.879427355253703,31,4,1,RGB-origin
img5548,0.9473684210526315,0.9473684210526315,0.9473684210526315,0.898290730966424,36,2,2,RGB-origin
img5555,0.9375,0.8823529411764706,0.9090909090909091,0.8268719498768022,15,1,2,RGB-origin
img5559,0.4,0.6666666666666666,0.5,0.8195894853769503,2,3,1,RGB-origin
img5566,0.4,0.3076923076923077,0.34782608695652173,0.807135111776806,4,6,9,RGB-origin
img5571,0.7777777777777778,0.7777777777777778,0.7777777777777778,0.8393959706154879,7,2,2,RGB-origin
img5580,0.7777777777777778,0.875,0.823529411764706,0.8803023361781243,7,2,1,RGB-origin
img5582,0.7,0.5526315789473685,0.6176470588235295,0.8207572742837576,21,9,17,RGB-origin
img5597,0.9074074074074074,0.8166666666666667,0.8596491228070176,0.8772314512278352,49,5,11,RGB-origin
img5608,1.0,1.0,1.0,0.8177894256198136,1,0,0,RGB-origin
img5614,0.9811320754716981,0.9811320754716981,0.9811320754716981,0.8750784551296916,52,1,1,RGB-origin
img5616,0.975609756097561,0.8,0.8791208791208791,0.8469021549918111,40,1,10,RGB-origin
img5618,0.9508196721311475,0.90625,0.9279999999999999,0.8622570087930576,58,3,6,RGB-origin
img5625,0.0,0.0,0.0,0.0,0,0,0,RGB-origin
img563,1.0,1.0,1.0,0.8550008757686665,15,0,0,RGB-origin
img5642,0.0,0.0,0.0,0.0,0,14,1,RGB-origin
img565,0.8157894736842105,0.8611111111111112,0.8378378378378377,0.8629895846641387,31,7,5,RGB-origin
img5658,0.6666666666666666,0.8571428571428571,0.75,0.9025092555794562,6,3,1,RGB-origin
img5668,0.1724137931034483,0.23809523809523808,0.19999999999999998,0.8001197147135937,5,24,16,RGB-origin
img5676,0.9591836734693877,0.734375,0.831858407079646,0.855089728330501,47,2,17,RGB-origin
img5678,0.875,0.7368421052631579,0.7999999999999999,0.8534414538236266,14,2,5,RGB-origin
img5687,0.8333333333333334,0.9375,0.8823529411764706,0.8495995050577245,15,3,1,RGB-origin
img5705,0.0,0.0,0.0,0.0,0,0,0,RGB-origin
img5714,0.0,0.0,0.0,0.0,0,0,0,RGB-origin
img572,0.9523809523809523,0.851063829787234,0.898876404494382,0.8610467315689027,40,2,7,RGB-origin
img5741,0.9,0.6585365853658537,0.7605633802816902,0.8505455292267935,27,3,14,RGB-origin
img5755,0.9795918367346939,0.8888888888888888,0.9320388349514563,0.8777038099431675,48,1,6,RGB-origin
img5756,0.6,1.0,0.7499999999999999,0.9065684633076375,6,4,0,RGB-origin
img5765,1.0,1.0,1.0,0.9906096501410095,1,0,0,RGB-origin
img5766,0.375,0.5,0.42857142857142855,0.9031395593453077,3,5,3,RGB-origin
img5780,0.3333333333333333,1.0,0.5,0.5803812825493242,1,2,0,RGB-origin
img5781,0.4,0.6666666666666666,0.5,0.895102293719604,2,3,1,RGB-origin
img5790,1.0,0.8947368421052632,0.9444444444444444,0.8525483752800544,34,0,4,RGB-origin
img5800,0.6,0.3,0.4,0.8880918228320004,3,2,7,RGB-origin
img5802,0.5,0.5,0.5,0.749545957454927,2,2,2,RGB-origin
img5806,1.0,1.0,1.0,0.9294090212871753,1,0,0,RGB-origin
img5807,0.625,0.7142857142857143,0.6666666666666666,0.899562938224357,5,3,2,RGB-origin
img5809,0.8461538461538461,1.0,0.9166666666666666,0.907131469817635,11,2,0,RGB-origin
img5813,0.8846153846153846,0.8214285714285714,0.8518518518518519,0.8019643409194602,23,3,5,RGB-origin
img5818,0.7142857142857143,1.0,0.8333333333333333,0.8502076833547341,5,2,0,RGB-origin
img5819,0.7058823529411765,0.8,0.7500000000000001,0.815341432815421,12,5,3,RGB-origin
img5820,0.8823529411764706,0.9375,0.9090909090909091,0.8702602120040722,30,4,2,RGB-origin
img5851,0.8541666666666666,0.9111111111111111,0.8817204301075269,0.8506613987369651,41,7,4,RGB-origin
img5860,1.0,1.0,1.0,0.9214755143446464,1,0,0,RGB-origin
img5866,0.9387755102040817,0.8679245283018868,0.9019607843137256,0.8789360216997063,46,3,7,RGB-origin
img5869,0.9534883720930233,0.8367346938775511,0.8913043478260869,0.8892147736033842,41,2,8,RGB-origin
img5878,0.2857142857142857,1.0,0.4444444444444445,0.8417628795634289,4,10,0,RGB-origin
img5880,0.42857142857142855,0.6,0.5,0.7900361706518234,3,4,2,RGB-origin
img5885,1.0,1.0,1.0,0.9214340822606198,1,0,0,RGB-origin
img5895,0.8571428571428571,0.5714285714285714,0.6857142857142857,0.8312298069111453,12,2,9,RGB-origin
img5898,1.0,0.8333333333333334,0.9090909090909091,0.8020421487332069,5,0,1,RGB-origin
img5901,0.7142857142857143,0.7142857142857143,0.7142857142857143,0.729132427241266,10,4,4,RGB-origin
img5909,0.7777777777777778,0.8235294117647058,0.7999999999999999,0.839156140023353,14,4,3,RGB-origin
img591,0.918918918918919,0.85,0.8831168831168831,0.8315361745062555,34,3,6,RGB-origin
img5910,0.9444444444444444,0.8947368421052632,0.918918918918919,0.8714893402822308,17,1,2,RGB-origin
img5919,0.5,0.7142857142857143,0.588235294117647,0.8808759382242132,5,5,2,RGB-origin
img592,0.8947368421052632,0.85,0.8717948717948718,0.8286318420815961,34,4,6,RGB-origin
img5932,0.9772727272727273,0.9347826086956522,0.9555555555555557,0.8636334486451571,43,1,3,RGB-origin
img5943,0.0,0.0,0.0,0.0,0,0,0,RGB-origin
img595,1.0,1.0,1.0,0.8979602215762797,3,0,0,RGB-origin
img5953,0.0,0.0,0.0,0.0,0,0,0,RGB-origin
img5957,0.2,0.5714285714285714,0.29629629629629634,0.8412269072706093,4,16,3,RGB-origin
img5964,0.65625,0.5675675675675675,0.6086956521739131,0.8166373904409933,21,11,16,RGB-origin
img5965,0.8518518518518519,0.6571428571428571,0.7419354838709677,0.8528977260521242,23,4,12,RGB-origin
img5966,0.5,0.6153846153846154,0.5517241379310345,0.8347014360417385,16,16,10,RGB-origin
img5973,0.8823529411764706,0.7142857142857143,0.7894736842105262,0.8288939564029728,15,2,6,RGB-origin
img5988,0.8333333333333334,0.7142857142857143,0.7692307692307692,0.8417118775239036,10,2,4,RGB-origin
img599,0.0,0.0,0.0,0.0,0,0,7,RGB-origin
img6002,1.0,0.7142857142857143,0.8333333333333333,0.893162021439655,5,0,2,RGB-origin
img6006,1.0,0.9166666666666666,0.9565217391304348,0.8637699505153528,11,0,1,RGB-origin
img6013,0.9545454545454546,0.8076923076923077,0.875,0.8229124372564462,21,1,5,RGB-origin
img6015,0.9655172413793104,1.0,0.9824561403508771,0.8783629385638401,28,1,0,RGB-origin
img603,0.5,1.0,0.6666666666666666,0.7611809595392584,1,1,0,RGB-origin
img6035,0.6666666666666666,0.5,0.5714285714285715,0.7464542647711498,2,1,2,RGB-origin
img6045,0.7209302325581395,0.6739130434782609,0.6966292134831461,0.8465489642058429,31,12,15,RGB-origin
img605,0.0,0.0,0.0,0.0,0,0,0,RGB-origin
img6055,0.0,0.0,0.0,0.0,0,3,1,RGB-origin
img6056,1.0,1.0,1.0,0.8684672265117239,3,0,0,RGB-origin
img606,1.0,0.6666666666666666,0.8,0.7826875130929272,4,0,2,RGB-origin
img6062,0.9393939393939394,0.96875,0.9538461538461539,0.8916460415445043,31,2,1,RGB-origin
img607,0.75,1.0,0.8571428571428571,0.8036615425297319,9,3,0,RGB-origin
img6077,0.9166666666666666,0.8918918918918919,0.9041095890410958,0.8342764112666762,33,3,4,RGB-origin
img6081,0.0,0.0,0.0,0.0,0,0,0,RGB-origin
img6083,0.5,0.6666666666666666,0.5714285714285715,0.9027022061960026,2,2,1,RGB-origin
img6084,1.0,1.0,1.0,0.9178638564663282,4,0,0,RGB-origin
img6089,0.9791666666666666,0.8867924528301887,0.9306930693069307,0.8595522906050344,47,1,6,RGB-origin
img6092,0.9024390243902439,0.8409090909090909,0.8705882352941177,0.8361206798116628,37,4,7,RGB-origin
img6097,1.0,1.0,1.0,0.9410726115957303,1,0,0,RGB-origin
img6103,0.9245283018867925,0.8305084745762712,0.875,0.8403495580695189,49,4,10,RGB-origin
img611,1.0,0.875,0.9333333333333333,0.7983884974278382,14,0,2,RGB-origin
img6119,0.6666666666666666,0.6666666666666666,0.6666666666666666,0.9083886515324697,2,1,1,RGB-origin
img612,0.5714285714285714,0.8,0.6666666666666666,0.7991105370930396,4,3,1,RGB-origin
img6131,0.3,0.2727272727272727,0.28571428571428564,0.5779706485857933,3,7,8,RGB-origin
img6146,0.8695652173913043,0.8450704225352113,0.8571428571428571,0.8302031662812389,60,9,11,RGB-origin
img6153,0.8787878787878788,0.7837837837837838,0.8285714285714285,0.8263208683825659,29,4,8,RGB-origin
img6160,0.6666666666666666,1.0,0.8,0.8809809795169607,2,1,0,RGB-origin
img6165,0.9148936170212766,0.86,0.8865979381443299,0.8338379182633187,43,4,7,RGB-origin
img6168,0.8958333333333334,0.7288135593220338,0.8037383177570093,0.8077099125632837,43,5,16,RGB-origin
img618,0.96,0.8888888888888888,0.923076923076923,0.8500102309728091,24,1,3,RGB-origin
img6182,0.8235294117647058,0.5384615384615384,0.6511627906976744,0.8062634964786793,14,3,12,RGB-origin
img6189,1.0,0.2,0.33333333333333337,0.7687887006794412,1,0,4,RGB-origin
img6191,0.4,0.6666666666666666,0.5,0.7657467174352809,2,3,1,RGB-origin
img6208,1.0,1.0,1.0,0.6881384602667643,1,0,0,RGB-origin
img6222,1.0,1.0,1.0,0.8642653696445973,6,0,0,RGB-origin
img6223,0.9090909090909091,0.9090909090909091,0.9090909090909091,0.8517087446266618,10,1,1,RGB-origin
img6225,0.7692307692307693,0.8333333333333334,0.8,0.8156159640127202,20,6,4,RGB-origin
img6230,0.9032258064516129,0.7777777777777778,0.835820895522388,0.8612404671754458,28,3,8,RGB-origin
img6233,0.8780487804878049,0.7659574468085106,0.8181818181818182,0.8813698099126931,36,5,11,RGB-origin
img6234,0.0,0.0,0.0,0.0,0,1,9,RGB-origin
img6239,1.0,1.0,1.0,0.9152792144082358,2,0,0,RGB-origin
img6241,0.98,0.8448275862068966,0.9074074074074074,0.8702522329542373,49,1,9,RGB-origin
img6248,0.9333333333333333,0.8936170212765957,0.9130434782608695,0.8587061323233017,42,3,5,RGB-origin
img625,1.0,0.8823529411764706,0.9375,0.8976597156708686,15,0,2,RGB-origin
img6251,0.9166666666666666,0.8148148148148148,0.8627450980392156,0.8430627530811539,22,2,5,RGB-origin
img6259,0.8095238095238095,0.7391304347826086,0.7727272727272727,0.8491002885985969,17,4,6,RGB-origin
img626,0.9375,0.8823529411764706,0.9090909090909091,0.8535536359662497,30,2,4,RGB-origin
img6266,0.6666666666666666,0.6666666666666666,0.6666666666666666,0.7991845976351545,2,1,1,RGB-origin
img6276,0.8928571428571429,0.6410256410256411,0.746268656716418,0.7592644102936533,25,3,14,RGB-origin
img6293,0.0,0.0,0.0,0.0,0,0,1,RGB-origin
img630,0.9545454545454546,0.9545454545454546,0.9545454545454546,0.8285744248355409,63,3,3,RGB-origin
img6302,0.975,0.9285714285714286,0.951219512195122,0.8667752838708054,39,1,3,RGB-origin
img6309,0.8809523809523809,0.8043478260869565,0.8409090909090908,0.8501576372497324,37,5,9,RGB-origin
img6311,0.9117647058823529,0.8857142857142857,0.8985507246376812,0.8493789205382362,31,3,4,RGB-origin
img6320,0.9591836734693877,0.9038461538461539,0.9306930693069307,0.8780899218088072,47,2,5,RGB-origin
img6325,0.868421052631579,0.8461538461538461,0.8571428571428572,0.8677257519240104,33,5,6,RGB-origin
img6328,0.918918918918919,0.9444444444444444,0.9315068493150684,0.8270896285096395,34,3,2,RGB-origin
img6329,0.9545454545454546,0.75,0.84,0.8412248130409241,21,1,7,RGB-origin
img6346,0.0,0.0,0.0,0.0,0,0,0,RGB-origin
img6348,0.0,0.0,0.0,0.0,0,2,2,RGB-origin
img6353,0.0,0.0,0.0,0.0,0,0,1,RGB-origin
img6356,0.0,0.0,0.0,0.0,0,0,3,RGB-origin
img6358,0.0,0.0,0.0,0.0,0,3,4,RGB-origin
img6363,0.0,0.0,0.0,0.0,0,3,7,RGB-origin
img6377,0.3333333333333333,0.3333333333333333,0.3333333333333333,0.7247196607116784,2,4,4,RGB-origin
img6378,0.0,0.0,0.0,0.0,0,4,1,RGB-origin
img6392,0.0,0.0,0.0,0.0,0,0,0,RGB-origin
img6396,0.0,0.0,0.0,0.0,0,0,0,RGB-origin
img6400,0.9090909090909091,0.5882352941176471,0.7142857142857143,0.8398080017561546,10,1,7,RGB-origin
img643,0.975,0.9512195121951219,0.9629629629629629,0.86291076436026,39,1,2,RGB-origin
img653,0.9,0.9473684210526315,0.9230769230769231,0.823702937941469,18,2,1,RGB-origin
img659,0.9473684210526315,0.8181818181818182,0.8780487804878049,0.804593584445411,18,1,4,RGB-origin
img675,0.3333333333333333,1.0,0.5,0.6962146234946138,1,2,0,RGB-origin
img677,0.5625,0.6428571428571429,0.6000000000000001,0.8817353620275268,9,7,5,RGB-origin
img686,1.0,0.9722222222222222,0.9859154929577464,0.8370725431460103,35,0,1,RGB-origin
img687,1.0,0.90625,0.9508196721311475,0.8736940786072591,29,0,3,RGB-origin
img694,0.8571428571428571,0.8108108108108109,0.8333333333333334,0.8198378490154337,30,5,7,RGB-origin
img697,0.9464285714285714,0.9636363636363636,0.9549549549549549,0.8520054078897894,53,3,2,RGB-origin
img718,0.7058823529411765,0.6666666666666666,0.6857142857142857,0.8264132479013364,12,5,6,RGB-origin
img753,0.9444444444444444,0.918918918918919,0.9315068493150684,0.8619403883840535,34,2,3,RGB-origin
img756,1.0,1.0,1.0,0.8915569645784229,17,0,0,RGB-origin
img772,0.0,0.0,0.0,0.0,0,1,0,RGB-origin
img781,0.9230769230769231,0.8571428571428571,0.888888888888889,0.8059272129559304,12,1,2,RGB-origin
img793,0.8043478260869565,0.8409090909090909,0.8222222222222223,0.8408211129644622,37,9,7,RGB-origin
img803,0.0,0.0,0.0,0.0,0,0,0,RGB-origin
img807,1.0,1.0,1.0,0.9742934831061953,1,0,0,RGB-origin
img813,0.5714285714285714,0.5714285714285714,0.5714285714285714,0.8079940398182283,4,3,3,RGB-origin
img820,0.9142857142857143,0.9142857142857143,0.9142857142857143,0.8389007731671625,32,3,3,RGB-origin
img821,0.8181818181818182,0.8571428571428571,0.8372093023255814,0.8427149166729866,18,4,3,RGB-origin
img826,1.0,0.8636363636363636,0.9268292682926829,0.863222158601618,19,0,3,RGB-origin
img828,0.0,0.0,0.0,0.0,0,0,0,RGB-origin
img840,1.0,1.0,1.0,0.8254312576943986,16,0,0,RGB-origin
img846,0.9545454545454546,0.9545454545454546,0.9545454545454546,0.8466937829842655,21,1,1,RGB-origin
img852,0.625,0.5555555555555556,0.5882352941176471,0.7898846614669212,5,3,4,RGB-origin
img854,1.0,1.0,1.0,0.8794513198551792,7,0,0,RGB-origin
img869,0.0,0.0,0.0,0.0,0,0,0,RGB-origin
img879,0.6666666666666666,0.6153846153846154,0.64,0.786271970545465,8,4,5,RGB-origin
img88,0.6666666666666666,0.5555555555555556,0.606060606060606,0.8128228492152694,10,5,8,RGB-origin
img884,0.9318181818181818,0.9534883720930233,0.942528735632184,0.8395788720567642,41,3,2,RGB-origin
img892,1.0,0.9444444444444444,0.9714285714285714,0.8593056262230712,17,0,1,RGB-origin
img893,0.2857142857142857,0.21052631578947367,0.24242424242424243,0.7071100925498708,4,10,15,RGB-origin
img894,0.0,0.0,0.0,0.0,0,0,0,RGB-origin
img896,1.0,1.0,1.0,0.8713820234937965,10,0,0,RGB-origin
img902,0.0,0.0,0.0,0.0,0,0,0,RGB-origin
img904,0.8636363636363636,0.95,0.9047619047619048,0.8130932181691449,19,3,1,RGB-origin
img911,0.9090909090909091,0.9090909090909091,0.9090909090909091,0.8704193928625091,40,4,4,RGB-origin
img913,0.9743589743589743,1.0,0.9870129870129869,0.8821548916573217,38,1,0,RGB-origin
img916,0.5714285714285714,0.6666666666666666,0.6153846153846153,0.8020240164147432,4,3,2,RGB-origin
img917,0.7777777777777778,0.7,0.7368421052631577,0.8285384508960449,14,4,6,RGB-origin
img920,0.8888888888888888,0.8,0.8421052631578948,0.8275512128374727,16,2,4,RGB-origin
img927,0.8709677419354839,0.7105263157894737,0.782608695652174,0.8404199141069273,27,4,11,RGB-origin
img935,0.0,0.0,0.0,0.0,0,0,0,RGB-origin
img951,0.9047619047619048,0.8837209302325582,0.8941176470588236,0.8703569509357966,38,4,5,RGB-origin
img957,1.0,0.8837209302325582,0.9382716049382717,0.8951967571662424,38,0,5,RGB-origin
img959,0.8,0.5,0.6153846153846154,0.8464500402255583,4,1,4,RGB-origin
img960,0.5,0.3333333333333333,0.4,0.7853215324008407,1,1,2,RGB-origin
img966,0.9298245614035088,0.8548387096774194,0.8907563025210085,0.8528585864112336,53,4,9,RGB-origin
img979,0.9545454545454546,0.84,0.8936170212765958,0.8708927374672907,21,1,4,RGB-origin
img980,0.8,0.6451612903225806,0.7142857142857142,0.8389094469603068,20,5,11,RGB-origin
img981,1.0,0.7,0.8235294117647058,0.8442582599403848,7,0,3,RGB-origin
img991,0.7727272727272727,0.8095238095238095,0.7906976744186046,0.8624899595386596,17,5,4,RGB-origin
img994,0.9666666666666667,0.8529411764705882,0.90625,0.8432848629011195,29,1,5,RGB-origin
